ASV_ID,BEN_BC,BHI_BC,BRA_BC,CSA_BC,CHIA_BC,CZA_BC,GN1_BC,GYM_BC,GLA_BC,GGA_BC,HA_BC,HVA_BC,KB_BC,LNMS_BC,LB_BC,MCA_BC,MYP_BC,MIC_BC,MM_BC,PYG_BC,PYS_BC,PPS_BC,PDA_BC,RA_BC,RH_BC,RZ1_BC,RZ2_BC,SA_BC,SSM_BC,SSTY_BC,CMCA_BC,SLA_BC,SEA-B_BC,SEA-R_BC,SCA_BC,SGCY_BC,SNA_BC,STA_BC,STBG_BC,T5_BC,TP_BC,TGY_BC,TCN_BC,YGCP_BC,YMG_BC,TSA_BC,0.1×TSA_BC,0.01×TSA_BC,NA_BC,0.1×NA_BC,0.01×NA_BC,AIA_BC,0.1×AIA_BC,0.01×AIA_BC,R2A_BC,0.1×R2A_BC,0.01×R2A_BC,MA_BC,0.1×MA_BC,0.01×MA_BC,BEN_RC,BHI_RC,BRA_RC,CSA_RC,CHIA_RC,CZA_RC,GN1_RC,GYM_RC,GLA_RC,GGA_RC,HA_RC,HVA_RC,KB_RC,LNMS_RC,LB_RC,MCA_RC,MYP_RC,MIC_RC,MM_RC,PYG_RC,PYS_RC,PPS_RC,PDA_RC,RA_RC,RH_RC,RZ1_RC,RZ2_RC,SA_RC,SSM_RC,SSTY_RC,CMCA_RC,SLA_RC,SEA-B_RC,SEA-R_RC,SCA_RC,SGCY_RC,SNA_RC,STA_RC,STBG_RC,T5_RC,TP_RC,TGY_RC,TCN_RC,YGCP_RC,YMG_RC,TSA_RC,0.1×TSA_RC,0.01×TSA_RC,NA_RC,0.1×NA_RC,0.01×NA_RC,AIA_RC,0.1×AIA_RC,0.01×AIA_RC,R2A_RC,0.1×R2A_RC,0.01×R2A_RC,MA_RC,0.1×MA_RC,0.01×MA_RC
ASV31_LT,0,0,0,0,0,0.001626205,0.000623108,0,0.001957586,0,0,0,0,0,0,0,0,0,0,0,0,0,0,0,0,0,0.000707214,0.000343721,0,0,0,0,0,0,0,0,0,0,0,0,0,0,0,0,0,0,0,0,0,0,0,0,0,0,0,0,0.001916877,0,0,0,0.030852809,0.026298426,0.017918339,0,0.030170217,0.030179972,0.008697279,0.006272506,0.022183955,0.032092555,0,0.013511869,0.041832455,0.03404733,0.009270307,0.011905984,0.034788747,0.063111973,0.040587824,0.022314216,0.010688726,0.022720709,0.027207339,0.020294057,0.023127866,0,0,0.066744981,0,0.112347188,0.043662569,0.098346757,0.02096393,0.01502666,0.007879046,0.028870374,0,0,0.015252821,0.012692487,0.016708256,0.068219634,0.011439287,0.008588247,0.027849674,0.068458364,0.029387672,0.031350482,0.005709472,0.013612251,0.020555355,0.034706488,0.059462605,0.042125203,0.015751883,0.027166635,0.027453795,0.011004254,0.018751749,0.01604426
ASV31_MT,0,0,0,0,0,0,0,0,0,0,0,0,0,0,0,0,0,0,0,0,0,0,0,0,0,0,0,0,0,0,0,0,0,0,0,0,0,0,0,0,0,0,0,0,0,0,0,0,0,0,0,0,0,0,0,0,0,0,0,0,0,0.020921036,0.003189475,0,0.003428571,0.012988272,0,0,0.022884446,0.017020425,0,0.012249033,0.022815687,0.013677947,0.019602326,0,0.004621499,0.013472585,0.020232333,0,0.015983195,0.007573708,0.004774637,0.031161473,0,0,0,0.013229234,0,0.015987901,0.045882353,0,0.011381564,0,0.008641642,0.006914946,0,0,0.016850426,0.005644403,0,0.00840046,0.007283763,0.01797829,0,0.011910268,0.02090738,0.005972247,0.034592348,0.004664776,0.002020025,0.024681458,0.005224565,0.006359158,0.010009533,0.024046508,0.007441128,0,0.003980744,0
ASV31_HT,0,0,0,0,0,0,0.000919857,0,0,0,0,0,0,0,0,0,0.000371644,0,0,0,0,0,0,0,0,0,0,0,0,0,0,0,0,0,0,0,0,0,0,0,0,0,0,0,0,0,0,0,0,0,0,0,0,0,0,0,0,0,0,0,0,0,0,0,0,0,0,0,0,0,0,0,0,0,0,0,0,0,0,0,0,0,0,0,0,0,0,0,0,0,0,0,0,0,0,0,0,0,0,0,0,0,0,0,0,0,0,0,0,0,0,0,0,0,0,0,0,0,0,0
ASV6_LT,0.135389107,0.118358014,0,0,0.031510361,0.050296202,0.075396119,0.221420323,0.037955411,0.018151663,0,0.052752797,0.150135938,0.14036163,0.027311194,0.147495278,0.065576851,0.450448783,0.05320549,0.149893761,0.098222542,0,0.157650247,0,0.081742354,0,0.055427864,0,0,0.000305935,0.231776362,0.110092552,0.175786463,0.161904762,0.009281358,0.064642955,0.028605483,0.049607119,0.148536519,0.182782492,0.032500453,0.113423423,0.036384638,0.097057532,0.280125642,0.038524145,0.06832473,0.02437223,0.022232734,0.028853711,0.007454445,0.029817487,0.101355632,0.063695144,0.181436248,0.050604651,0.048009062,0.008558936,0.025417704,0.020590006,0.009840098,0,0,0,0.009275303,0.012182741,0.006546339,0,0,0,0,0,0,0.004115611,0,0.001642205,0.006655238,0.008240427,0.006398081,0,0,0,0.003440008,0,0,0,0,0,0,0,0,0,0.007912856,0.009209889,0,0.003972098,0.003136584,0,0,0.004386374,0.005207768,0.015196894,0.002531646,0,0.008489492,0,0.009727626,0.007435691,0,0.001301171,0.002614497,0,0.01037928,0.012267725,0.016241072,0.007652573,0,0,0.007836552,0.001844168
ASV6_MT,0.037770898,0.026215599,0,0,0,0.005225831,0,0.039064624,0.014228213,0,0,0.042305334,0.023648649,0,0.021848138,0.039749147,0.029310497,0.023777955,0.066489832,0.054937343,0.019974911,0,0.089863789,0,0.025697246,0,0,0,0,0,0.046447109,0.01416406,0.063981043,0.064422314,0,0.032774945,0,0.052976565,0.033641101,0.024265301,0,0.034445349,0.024196708,0.016283767,0.08076641,0.011905943,0.00745234,0.015231333,0.008637944,0,0.011605206,0.018489641,0,0.024319963,0.051490755,0.014889944,0.00973913,0,0.03702382,0.0016838,0,0,0,0,0,0.002423185,0,0.009942599,0,0,0,0.004328606,0,0,0,0,0,0.00229765,0,0,0,0,0.000954927,0,0,0,0,0,0,0,0.004385027,0,0,0,0,0,0,0,0,0,0,0,0,0,0,0,0,0.001405234,0,0,0,0,0.003849679,0.001074787,0.002478551,0.000880824,0.002801366,0,0.000925754,0
ASV6_HT,0,0,0,0,0,0,0,0,0,0.001704061,0,0,0,0,0,0,0,0,0,0,0,0,0,0,0,0,0,0,0,0,0,0,0,0,0,0,0,0,0,0,0,0,0,0,0,0,0,0,0,0,0,0,0,0,0,0,0,0,0,0,0,0,0,0,0,0,0,0,0,0,0,0,0,0,0,0,0,0,0,0,0,0,0,0,0,0,0,0,0,0,0,0,0,0,0,0,0,0,0,0,0,0,0,0,0,0,0,0,0,0,0,0,0,0,0,0,0,0,0,0
ASV12_LT,0,0,0,0,0,0,0,0.021458814,0,0,0,0,0,0.003473286,0,0.005935786,0,0,0,0,0,0,0,0,0,0,0,0,0,0,0,0.002732481,0,0,0,0,0,0,0,0.022108084,0,0,0.008181731,0,0,0,0,0,0,0,0,0,0,0.002338699,0,0,0,0,0,0,0.238519885,0.002450749,0,0,0.030068291,0.133733272,0.076405125,0.394238588,0.02886953,0,0,0,0.035487687,0.028809279,0.010096374,0.036641691,0.11394575,0.084634028,0.070578826,0.124798061,0.014871271,0,0.270613989,0.006005384,0.048089659,0.003926431,0,0,0,0,0.005616787,0,0.091151988,0.068928745,0.031835605,0.130788607,0.012071096,0.032381149,0.057354785,0.060942604,0.061408267,0.144980588,0.030473511,0.019009939,0.054767574,0.024970903,0.053143559,0.033762058,0,0.026724052,0,0.0376931,0.037831021,0.000992242,0.15634478,0.043715324,0,0.005733309,0.004198153,0
ASV12_MT,0,0.009028609,0,0,0,0,0,0,0,0,0,0,0,0,0,0,0,0,0,0,0,0,0,0,0,0,0,0,0,0,0,0.00199861,0,0,0,0,0,0,0,0,0,0.00560528,0,0,0,0,0,0,0,0,0,0,0,0,0,0,0,0,0,0,0.024657534,0.08100523,0,0,0.002285714,0.060773481,0.001502488,0.095735957,0.029925814,0.066179415,0,0.015380365,0.034591526,0.010214051,0.009191521,0.079026471,0.027266845,0.056501305,0.038625363,0.074775785,0.018175176,0,0.049751719,0,0.015932354,0.023282376,0,0,0,0.003888949,0.050909091,0.024092549,0.081586658,0.022447275,0,0.020646054,0,0.045647773,0.027876014,0.024981708,0,0.074798619,0.01466869,0.022614202,0.101691522,0.036540241,0.047459753,0.010363604,0.020046449,0.011616208,0.001580889,0.008553863,0.005316224,0.003493059,0.045853194,0.02378226,0.002976451,0.001642785,0.006017404,0.000958188
ASV12_HT,0,0,0,0,0,0,0.003104519,0,0,0,0,0,0,0,0,0,0,0,0,0,0,0,0,0,0,0,0,0,0,0,0,0,0,0,0,0,0,0,0,0,0,0,0,0,0,0,0,0,0,0,0,0,0,0,0,0,0,0,0,0,0,0,0,0,0,0,0,0,0,0,0,0,0,0,0,0,0,0,0,0,0,0,0,0,0,0,0,0,0,0,0,0,0,0,0,0,0,0,0,0,0,0,0,0,0,0,0,0,0,0,0,0,0,0,0,0,0,0,0,0
ASV30_LT,0.043791625,0.055095819,0,0,0,0.013822744,0.025992523,0.163491147,0.0137031,0.020823735,0,0.007567449,0.098479509,0.039432016,0,0.050544114,0.043216836,0,0.015510434,0.047807611,0.031131203,0,0.105293719,0,0.019277108,0,0.028553748,0,0,0,0.041843595,0.042485677,0.044613918,0.112202381,0,0.022675322,0.009901898,0.021963457,0.02142792,0.044439482,0,0.057117117,0.04697276,0.033706632,0.118598896,0.016458672,0.039230408,0.013417036,0.017218543,0.045469855,0,0,0.013429621,0.023662127,0.084904739,0.018883721,0,0,0,0,0,0,0,0,0,0,0,0,0,0,0,0,0,0,0,0,0,0,0,0,0,0,0,0,0,0,0,0,0,0,0,0,0,0,0,0,0,0,0,0,0,0,0,0,0,0,0,0,0,0,0,0,0,0,0,0,0,0,0,0
ASV30_MT,0.009199469,0,0,0,0.021153667,0.004199328,0,0,0.00814378,0,0,0,0.015970516,0,0,0.010329245,0,0.00592239,0.007869142,0,0,0,0,0,0.011401509,0,0,0,0,0,0,0.017205422,0.018957346,0.030757028,0,0,0,0,0.01499223,0.083041251,0,0,0.014204545,0,0.024110744,0.016370672,0.021143847,0,0,0.004116319,0,0,0,0,0.024506768,0,0,0,0,0,0,0,0,0,0,0,0,0,0,0,0,0,0,0,0,0,0,0,0,0,0,0,0,0,0,0,0,0,0,0,0,0,0,0,0,0,0,0,0,0,0,0,0,0,0,0,0,0,0,0,0,0,0,0,0,0,0,0,0,0
ASV30_HT,0,0,0,0,0,0,0,0,0,0,0,0,0,0,0,0,0,0,0,0,0,0,0,0,0,0,0,0,0,0,0,0,0,0,0,0,0,0,0,0,0,0,0,0,0,0,0,0,0,0,0,0,0,0,0,0,0,0,0,0,0,0,0,0,0,0,0,0,0,0,0,0,0,0,0,0,0,0,0,0,0,0,0,0,0,0,0,0,0,0,0,0,0,0,0,0,0,0,0,0,0,0,0,0,0,0,0,0,0,0,0,0,0,0,0,0,0,0,0,0
ASV15_LT,0,0,0.007477153,0,0.002990814,0.001626205,0,0,0.01120174,0.00211923,0,0,0,0.002758198,0.008334402,0.012680996,0.035606915,0,0,0.005118795,0.024041919,0.002849003,0.002903319,0.066681436,0.010843373,0,0,0,0,0,0,0.006258264,0.002669209,0.023412698,0.067974896,0,0.002567159,0,0.024345765,0,0.003168568,0,0.00510155,0.013833992,0,0.030927835,0,0,0,0,0,0,0.003800836,0,0,0.002883721,0.005402109,0.018048191,0,0.000240819,0.06396064,0.006598171,0.117888965,0,0.030475996,0.054268574,0.0577013,0.06016959,0.079315235,0,0,0.152404139,0.160339821,0.023945375,0.115741166,0.022375038,0.048401734,0.020164809,0.042387284,0.044426494,0.13272609,0,0.087563849,0.111513771,0.087824758,0,0,0,0,0.01601467,0,0,0.038844929,0.034997576,0.036839864,0.052024801,0.002756392,0.085593483,0.061638111,0.029584694,0.031572095,0,0.028504454,0.170992956,0.041101563,0,0.025496621,0.037077974,0.162579558,0.028025223,0.010007212,0.047991761,0.051896401,0.011997113,0.027590255,0.042471781,0,0.061309414,0.024442579,0
ASV15_MT,0.032551968,0.006961819,0.002819019,0,0,0.000186637,0,0.012236019,0,0,0,0,0.018222768,0,0,0,0.03451929,0.003093786,0,0,0.005982824,0,0,0,0,0,0,0,0,0,0,0.004344804,0,0.012249934,0,0.017571012,0,0,0.017460463,0.0230071,0,0.046831209,0.010579937,0.016662459,0,0.006349836,0.003466205,0,0.000632045,0.001858983,0,0.001559367,0,0,0.002831107,0,0,0,0,0,0,0.086618191,0,0,0.002021978,0.016283803,0.000281717,0,0,0.016319584,0,0.011235955,0.044895384,0.009237055,0.011442506,0.009599535,0.012847768,0.007415144,0.020619555,0.024215247,0.010868572,0,0.029411765,0.004091911,0.021717846,0,0,0,0,0,0.009946524,0.042347697,0.015663737,0.012111088,0.005941129,0.010273634,0,0.011336032,0.023715415,0.027908435,0,0,0.014871017,0.046924469,0.03703333,0.030642923,0.024566172,0.008782716,0,0.008780756,0.001580889,0.006593602,0.00192484,0.002328706,0.021067684,0.013917026,0.003414164,0.00109519,0.005276801,0.001045296
ASV15_HT,0,0,0,0,0,0,0,0,0,0,0,0,0,0,0,0,0,0,0,0,0,0,0,0,0,0,0,0,0,0,0,0,0,0,0,0,0,0,0,0,0,0,0,0,0,0,0,0,0,0,0,0,0,0,0,0,0,0,0,0,0,0,0,0,0,0,0,0,0,0,0,0,0,0,0,0,0,0,0,0,0,0,0,0,0,0,0,0,0,0,0,0,0,0,0,0,0,0,0,0,0,0,0,0,0,0,0,0,0,0,0,0,0,0,0,0,0,0,0,0
ASV25_LT,0.015783231,0.005008711,0,0,0.001495407,0.007085608,0,0.027328714,0,0.025522897,0,0,0.006947941,0,0.005385306,0.005935786,0,0,0,0,0,0.000547885,0.03425917,0,0,0.008092586,0.003536068,0,0,0,0.006811748,0.002468048,0,0,0.044550517,0.011429094,0.003850738,0.001230711,0,0,0.000633714,0.006126126,0.015689672,0,0,0.028395732,0.001501642,0.001477105,0,0,0,0.003713922,0,0.00275141,0,0,0.001829746,0,0,0,0.009737597,0,0.026436894,0,0.037814698,0.014859252,0.008790798,0.030200952,0.02350081,0.026961771,0,0.103225806,0.027314765,0.016462445,0.008719596,0.008724212,0.02641928,0.02675715,0.016595021,0.013226979,0.024630542,0.015018773,0.050766184,0.035203976,0.040855833,0.02810498,0,0,0,0,0.011975413,0,0.014387011,0.00688318,0.005217206,0.019763612,0,0.029287408,0.057877142,0.012692487,0.017142237,0,0.023722457,0.008781241,0.01066363,0,0.017407332,0.017684887,0.008985399,0.013412071,0.009015507,0.015756952,0.024541663,0.034006855,0.014969181,0.021618519,0,0.004438691,0.021923687,0.008206547
ASV25_MT,0.021671827,0.001958012,0,0,0,0.00233296,0,0.04531859,0.002152953,0.004531582,0,0,0.009009009,0,0,0.001014479,0,0,0,0.017844612,0.00202644,0.015818803,0,0,0.000526223,0,0,0,0,0,0,0,0.011848341,0,0.000263968,0.017479971,0,0.005836401,0.002468233,0,0,0.001175301,0.00822884,0.001136077,0,0,0,0,0,0,0,0.000556917,0,0,0.000884721,0,0,0,0.004103845,0,0.039921722,0.006378365,0.007874016,0,0.001494505,0.026461181,0,0.009635096,0.010813529,0.175911093,0,0.012156935,0.006939333,0.006927791,0.004126805,0.043828178,0.008780849,0.02308094,0.018489835,0.057174888,0.019088501,0.007844198,0.043640183,0.009285489,0.018424566,0.036285363,0.016690596,0,0,0.00356487,0.016149733,0.014858841,0.019157088,0.014512424,0.029165541,0.010076064,0,0.027935223,0.039525692,0.044109961,0,0.028423475,0.014567527,0.017412935,0.021619458,0.025439408,0.015157851,0.00957316,0.025424765,0.002195189,0.007816617,0.008553863,0.003666361,0.003134796,0.019351764,0.00827975,0.012956316,0.000456329,0.008887243,0.001567944
ASV25_HT,0,0,0,0,0,0,0.002529608,0,0,0,0,0,0,0,0,0,0,0,0,0,0,0,0,0,0,0,0,0,0,0,0,0,0,0,0,0,0,0,0,0,0,0,0,0,0,0,0,0,0,0,0,0,0,0,0,0,0,0,0,0,0,0,0,0,0,0,0,0,0,0,0,0,0,0,0,0,0,0,0,0,0,0,0,0,0,0,0,0,0,0,0,0,0,0,0,0,0,0,0,0,0,0,0,0,0,0,0,0,0,0,0,0,0,0,0,0,0,0,0,0
ASV33_LT,0,0,0,0,0,0.001510048,0,0,0.005002719,0,0,0,0,0,0,0,0,0,0,0,0.002568581,0,0.003871093,0,0.009453197,0,0,0.000229148,0,0,0,0,0,0,0,0,0,0,0,0,0,0.004234234,0,0,0,0,0.009760676,0,0,0,0,0,0,0,0.004982902,0,0.002613923,0,0,0,0.013735137,0.018286361,0.004699892,0,0.055142187,0.013290263,0.005611147,0,0.00445705,0,0,0.044796105,0,0.049855018,0.02900413,0.047829211,0.026923465,0.060688318,0.015795261,0.008481422,0.029091923,0.001444113,0.014072761,0.002899151,0.02740703,0,0,0,0,0.009168704,0.065705808,0.046064717,0.016853355,0.013960252,0.013202726,0.011528773,0.006083072,0.015571826,0.00532804,0.00839944,0.010524032,0.026289517,0.007032349,0.003570395,0.040894503,0.008993757,0.017100143,0.047628617,0.016192437,0.010609549,0.01406419,0.015653965,0.036181977,0.03996031,0.009588103,0.028218864,0.03346492,0.01359349,0.014646889,0.00285846
ASV33_MT,0,0.026433156,0,0,0,0,0,0.004441222,0.00112328,0,0,0,0,0,0,0,0,0,0,0,0,0,0.003272599,0,0.019119453,0,0,0,0,0,0.054948989,0.001390337,0.017728629,0,0,0,0,0.000897908,0,0,0,0,0,0.000378692,0,0,0,0.000229043,0,0,0,0.023613277,0,0,0.005042909,0,0,0,0,0,0.004305284,0.017986988,0.001993422,0,0.003956044,0.01008045,0.000563433,0.009635096,0.016094556,0,0,0.02569534,0.016086637,0.019717559,0.021196774,0.016096189,0.013032628,0.008877285,0.020329138,0.003699552,0.008859257,0.001081958,0.001623377,0,0.008633734,0,0,0.006289308,0,0.04893594,0.026203209,0.02388028,0.012395763,0.010753811,0.005851112,0,0,0.056882591,0.008529228,0.010034494,0,0.014729574,0.004855842,0.022501131,0.004504054,0.008094357,0.009303784,0.009660987,0.02640264,0.003567182,0,0.020939143,0.009990834,0.006000896,0.014585319,0.015238263,0.001575768,0.001916583,0.010461026,0.000348432
ASV33_HT,0,0,0,0,0,0,0.001724733,0,0,0,0,0,0,0,0,0,0,0,0,0,0,0,0,0,0,0,0,0,0,0,0,0,0,0,0,0,0,0,0,0,0,0,0,0,0,0,0,0,0,0,0,0,0,0,0,0,0,0,0,0,0,0,0,0,0,0,0,0,0,0,0,0,0,0,0,0,0,0,0,0,0,0,0,0,0,0,0,0,0,0,0,0,0,0,0,0,0,0,0,0,0,0,0,0,0,0,0,0,0,0,0,0,0,0,0,0,0,0,0,0
ASV20_LT,0,0,0,0,0,0,0,0,0,0,0,0,0,0,0,0,0,0,0,0,0,0,0,0,0,0,0,0,0.000717213,0,0,0,0,0,0,0,0,0,0,0,0,0,0,0,0,0,0,0,0,0,0,0,0,0,0,0,0.000435654,0,0,0,0,0.019040437,0,0,0.004994394,0,0.000561115,0.00185852,0,0,0,0,0,0.008511832,0,0.042492046,0.000605022,0.013960252,0.00429871,0,0.000464727,0,0.002606067,0,0.004482934,0.031928084,0.086911237,0.006727894,0.001245552,0,0.034760492,0.007489049,0.002260816,0.002520601,0.008943782,0.000871924,0,0,0,0,0.000759466,0,0,0,0.004658867,0,0,0.000502412,0,0.000700631,0.003516048,0,0.004850131,0.004780805,0.001369729,0,0.006908308,0,0.000746338,0.010972799
ASV20_MT,0,0,0,0,0,0,0,0,0,0,0,0,0,0,0,0,0,0,0,0,0,0,0,0,0,0,0,0,0,0,0,0,0,0,0,0,0,0,0,0,0,0,0,0,0,0,0,0,0,0,0,0,0,0,0,0,0,0,0,0,0.014187867,0.220946549,0.059403967,0.054406475,0.005714286,0.000775419,0.014930979,0.065498155,0.014459952,0.038145775,0.00034654,0.001749862,0.067816213,0.050537348,0.020634027,0.036361873,0.065995009,0.017127937,0.043949661,0.02544843,0.041190976,0.095843477,0.035332315,0.019672647,0.021895861,0.165436654,0.389178033,0.261223162,0.057073397,0.071297397,0.050053476,0.079070261,0.066148298,0.121946127,0.009991898,0.045441075,0.001667837,0.021356275,0.006969004,0.001149786,0.015622347,0.059493671,0.095397066,0.035504297,0.035932339,0.082562442,0.025716078,0.003425259,0.087642098,0.003567182,0.001053926,0.020404526,0.008890926,0.00080609,0.028026692,0.003347133,0.001663311,0.005658483,0.002592113,0.002961672
ASV20_HT,0,0,0,0,0,0,0,0,0,0,0,0,0,0,0,0,0,0,0,0,0,0,0,0,0,0,0,0,0,0,0,0,0,0,0,0,0,0,0,0,0,0,0,0,0,0,0,0,0,0,0,0,0,0,0,0,0,0,0,0,0,0,0,0,0,0,0,0,0,0,0,0,0,0,0,0,0,0,0,0,0,0,0,0,0,0,0,0,0,0,0,0,0,0,0,0,0,0,0,0,0,0,0,0,0,0,0,0,0,0,0,0,0,0,0,0,0,0,0,0
ASV8_LT,0,0,0,0,0.006088443,0,0,0,0,0,0,0.003509542,0,0.007661661,0,0,0,0.000740261,0.003384095,0,0,0,0,0,0.001390176,0,0,0,0,0,0,0,0,0.003174603,0,0,0,0.001420051,0,0,0,0,0,0,0,0,0.002909432,0.002461841,0,0.002919052,0.000828272,0,0.003040669,0.003164122,0.003517342,0.003906977,0.002788185,0,0.002488446,0.002167369,0,0,0,0,0,0,0,0.000348473,0,0,0,0,0,0,0,0,0,0,0,0,0,0,0,0,0,0,0,0,0,0,0,0,0,0,0,0,0,0,0,0,0,0,0,0,0,0,0,0,0,0,0,0,0,0,0,0,0,0,0,0
ASV8_MT,0.003449801,0,0.007893253,0,0.0100643,0,0.002371958,0.008973081,0,0,0,0.007847946,0,0.00361329,0.002745941,0.00239786,0.009976163,0.011137629,0,0,0.002798417,0.006830847,0.005218468,0,0.017102263,0.004360338,0,0,0,0.001113811,0.016735278,0,0.012199403,0.0252049,0.030796304,0,0,0.003950795,0.002651065,0.006111261,0,0.007232619,0,0,0.006784012,0,0,0.010192396,0,0.003452397,0.002494577,0.003118735,0,0.01890272,0.015836504,0.008308157,0.004521739,0.002512797,0.01284682,0.008773485,0,0,0,0,0.002813187,0,0.001032961,0,0,0,0,0.00138147,0,0,0.001125492,0,0.00147888,0.000835509,0,0,0.002100648,0.001081958,0,0,0,0,0,0,0,0,0,0.000849077,0,0,0.000900171,0,0,0,0,0,0,0,0,0,0,0,0,0,0,0.000457331,0.004303531,0.003118596,0,0.001074787,0.000667302,0.001321237,0.002188567,0,0,0
ASV8_HT,0.593287622,0,0.005974153,0,0.020519429,0.001575796,0.003334483,0.595375194,0.008240427,0,0,0.009001923,0.004271632,0,0,0,0.007618694,0.005300183,0,0.325847763,0.010592098,0,0.396214734,0,0.096513076,0,0,0,0,0,0,0,0.072629696,0.110596902,0,0,0,0.012814383,0.004969864,0.11660173,0,0,0,0,0.223082596,0,0.044096342,0.023479669,0,0.009138635,0,0.007331846,0,0,0.063394109,0.011761513,0,0,0,0.002637595,0.03833408,0,0.013732276,0,0.048778289,0.004394988,0.004994817,0.261215973,0.05397104,0.00027972,0,0.028535591,0.044002539,0.151823899,0,0.00181686,0.216074808,0.01838565,0.072295098,0.108041627,0.087012747,0.010726073,0.018141634,0,0.004512635,0.068373432,0,0,0,0.025467569,0.016494242,0.006022043,0.062322166,0.093333333,0.048162717,0.15987218,0.015558108,0.228081438,0.143889966,0.030756442,0,0.014291901,0.0148679,0.060397403,0.135034404,0.022762385,0.034788846,0.096655879,0.004183247,0.062836845,0.028594771,0.032370416,0.029006939,0.034515912,0.045608572,0.047303005,0.013137558,0.00516209,0.007177259,0.035494115
ASV9_LT,0,0,0,0,0,0,0,0,0,0,0,0,0,0,0,0,0,0,0,0.003863241,0.003185041,0,0,0,0,0,0,0,0,0,0,0,0,0,0,0,0.000825158,0,0,0,0,0,0,0,0,0,0,0,0,0,0,0,0,0,0,0,0.007318986,0,0,0,0.025420254,0.029691771,0.066875551,0,0.114055652,0.171389017,0.161507528,0.032407945,0.057637763,0.439336016,0,0.068533171,0.028712765,0.051632214,0.053419,0.056040234,0.022184128,0.120310228,0.017294812,0.034531502,0.094897295,0.045537691,0.043260711,0.00745496,0.077738156,0.063649514,0,0,0.000266904,0.013202934,0.116044934,0.117705242,0.106052821,0.092195831,0.210817717,0.018988568,0.012641384,0.125812107,0.142394484,0.021558563,0.030704134,0.067110372,0.057946554,0.018913442,0.182109949,0.040842239,0.050174073,0.067524116,0.061868214,0.063957562,0.167327804,0.169207003,0.033950917,0.151362078,0.044418354,0.046585039,0.131527005,0.025245053,0.060266816,0.093775934
ASV9_MT,0,0,0,0,0,0,0,0,0,0,0,0,0,0,0,0,0,0,0,0,0,0,0,0,0,0,0,0,0,0,0,0,0,0,0,0,0,0,0,0,0,0,0,0,0,0,0,0,0,0,0,0,0,0,0,0,0,0,0,0,0.010469667,0.029595612,0.004285857,0,0.00756044,0.003198604,0.003474505,0.004510045,0.002137558,0.268321986,0,0.022195616,0.004415939,0.037125855,0.007784656,0.014641714,0.017191977,0.017441253,0.010164569,0.010986547,0.017170518,0.010368767,0.016997708,0,0.018157543,0.005886487,0,0,0,0.012531058,0.05144385,0,0.025693036,0.020567968,0.052750023,0.002370839,0,0.006275304,0.02381943,0.015678896,0,0.006904488,0.01466869,0.025327906,0.0252227,0,0.020489233,0.013086246,0,0.009969816,0.027665554,0.023077608,0.016773602,0.022301836,0.005243089,0.009248657,0.004552219,0.001642785,0.005554527,0.011236934
ASV9_HT,0,0,0,0,0,0,0.006783948,0,0,0,0,0,0,0,0,0,0,0,0,0,0,0,0,0,0,0,0,0,0,0,0,0,0,0,0,0,0,0,0,0,0,0,0,0,0,0,0,0,0,0,0,0,0,0,0,0,0,0,0,0,0,0,0,0,0,0,0,0,0,0,0,0,0,0,0,0,0,0,0,0,0,0,0,0,0,0,0,0,0,0,0,0,0,0,0,0,0,0,0,0,0,0,0,0,0,0,0,0,0,0,0,0,0,0,0,0,0,0,0,0
ASV10_LT,0.07864246,0.011106272,0.040847411,0,0.040162358,0.02474155,0.032134591,0.04330254,0.018270799,0.782917166,0,0.049133582,0.029805659,0.104096435,0.003974869,0.086878316,0.036076663,0.040621819,0.043429216,0.054471702,0.018391041,0.040543502,0.1023904,0.024368631,0.035125116,0.447528716,0.07080976,0,0,0,0.151273885,0.097399736,0.076739752,0.104960317,0.688323168,0.036115937,0.030897589,0.015715232,0.084708671,0.089995534,0.020097773,0.05981982,0.026085283,0.034365393,0.150961355,0.062579128,0.048803379,0.01661743,0.002270577,0.002919052,0.00966317,0.005305603,0.108450526,0.064795708,0.084611627,0.048837209,0.001045569,0,0.026928546,0.041180012,0.017220172,0,0,0,0.007032922,0.009598523,0.018984382,0,0.010332253,0.027062374,0,0,0,0.0132822,0,0.009442677,0.011394575,0.01580223,0.011296611,0.010399838,0.003996654,0,0.009069113,0,0.022210902,0.012399256,0,0,0,0,0.02236117,0,0.011817902,0.007658749,0,0.012110056,0,0.010312468,0.01744672,0,0.004231312,0,0,0,0.020084895,0,0.013823469,0.013263666,0,0.002101892,0.004778219,0.011122554,0.00407411,0.017319141,0.010566481,0.014348575,0.00314014,0,0.008116429,0.004149378
ASV10_MT,0.02282176,0.013706081,0,0,0,0.001213139,0,0,0,0,0,0,0.004402129,0,0.00656638,0,0,0,0.021220159,0,0.002412429,0,0,0,0.001227855,0,0,0,0,0,0.007517451,0.00530066,0.002106372,0,0,0,0,0.00116728,0.002193985,0.001348072,0,0,0.010188088,0.003155769,0.004492116,0,0.002079723,0,0,0.00265569,0,0.002339051,0.002428167,0.001613647,0.006016102,0.003344842,0,0,0.00089214,0,0,0,0,0,0,0,0,0,0,0,0,0,0,0,0,0,0,0,0,0,0,0,0,0,0,0,0,0,0,0,0,0,0,0,0,0,0,0,0,0,0,0,0,0,0,0,0,0,0,0,0,0,0,0,0,0,0,0,0,0
ASV10_HT,0,0,0,0,0,0,0,0,0,0,0,0,0,0,0,0,0,0,0,0,0,0,0,0,0,0,0,0,0,0,0,0,0,0,0,0,0,0,0,0,0,0,0,0,0,0,0,0,0,0,0,0,0,0,0,0,0,0,0,0,0,0,0,0,0,0,0,0,0,0,0,0,0,0,0,0,0,0,0,0,0,0,0,0,0,0,0,0,0,0,0,0,0,0,0,0,0,0,0,0,0,0,0,0,0,0,0,0,0,0,0,0,0,0,0,0,0,0,0,0
ASV14_LT,0,0,0.002353919,0,0,0,0,0,0,0,0,0,0,0,0,0,0,0,0.005734161,0.009175198,0,0,0,0,0.008341057,0,0,0,0,0,0,0,0.026978074,0.009325397,0,0,0,0,0,0,0,0.002522523,0,0.015261309,0.021225966,0,0.018301267,0,0,0,0,0,0,0,0,0.003255814,0.004530801,0,0,0,0.089790898,0,0.02457652,0,0.073387015,0.108998616,0.103245114,0.067719828,0.162277147,0,0,0.178575776,0.112592752,0.090075765,0.02055989,0,0.042250681,0.010082404,0.056682995,0.057249596,0.047030393,0,0.022099448,0,0.100050942,0,0,0,0,0.01809291,0,0,0.140376118,0.092583616,0,0.059872118,0,0.13272146,0.150647723,0.07624825,0.067375502,0,0.054664791,0.105664383,0,0,0.099119394,0.091639871,0.036783976,0.043138825,0.035340786,0.100102987,0.101076729,0.073696554,0.061735642,0.07556916,0.014893235,0.033752543,0.02612184,0.021945597
ASV14_MT,0,0,0,0,0,0,0,0,0,0,0,0,0,0,0,0,0,0,0,0,0,0,0,0,0,0,0,0,0,0.0009113,0,0,0.008074425,0,0,0,0,0,0,0.003415116,0,0,0,0,0,0,0.006845754,0,0,0,0,0,0,0,0,0,0,0,0,0,0.073483366,0,0,0,0.002021978,0.048948338,0,0,0.027662517,0.004305166,0,0.020537852,0.045526233,0.025934808,0.003939223,0.003393775,0.031056475,0.017650131,0.041916747,0,0.017809846,0,0,0,0.010947931,0,0,0,0,0,0.007486631,0.024623222,0.064007212,0.037377323,0,0,0,0.022368421,0.07187435,0.046514059,0,0.062025316,0.009104704,0.026797829,0.059053148,0.029949121,0.052582061,0.021517653,0.027380516,0.007591695,0,0.008197452,0.01136572,0.005194805,0.043755958,0.017528407,0.002538738,0,0.002962414,0
ASV14_HT,0,0,0,0,0,0,0.005634127,0,0,0,0,0,0,0,0,0,0,0,0,0,0,0,0,0,0,0,0,0,0,0,0,0,0,0,0,0,0,0,0,0,0,0,0,0,0,0,0,0,0,0,0,0,0,0,0,0,0,0,0,0,0,0,0,0,0,0,0,0,0,0,0,0,0,0,0,0,0,0,0,0,0,0,0,0,0,0,0,0,0,0,0,0,0,0,0,0,0,0,0,0,0,0,0,0,0,0,0,0,0,0,0,0,0,0,0,0,0,0,0,0
ASV32_LT,0,0,0,0,0,0,0,0,0,0,0,0,0,0,0,0,0,0,0,0,0,0,0,0,0,0,0,0,0,0,0,0,0,0,0,0,0,0,0,0,0,0,0,0,0,0,0,0,0,0,0,0,0,0,0,0.002511628,0,0,0,0,0.0799508,0,0.012924704,0,0.022627663,0.03091832,0.029552043,0.053897084,0.045279579,0.007142857,0,0,0.039896763,0.029931718,0.007801744,0,0.063023092,0.007561803,0.037388783,0.070981422,0.023886978,0,0.085583238,0.014599296,0.048700968,0,0,0,0,0,0,0,0.066591306,0.065923413,0.018739353,0.141154815,0.00380192,0.041868619,0.051190974,0.028558096,0.029619182,0.073765946,0.032911392,0.022676831,0.043896884,0.023807005,0.056317837,0.030144695,0,0.014312882,0.010367833,0.023789907,0.027548744,0.018672199,0.035417278,0.021809834,0.001884084,0.027926762,0.008303013,0.007100046
ASV32_MT,0,0,0,0,0,0,0,0,0,0,0,0,0,0,0,0,0,0,0,0,0,0,0,0,0,0,0,0,0,0,0,0,0,0,0,0,0,0,0,0,0,0,0,0,0,0,0,0,0,0,0,0,0,0,0,0,0,0,0,0,0.021819961,0,0,0,0,0.012406707,0,0.013940139,0,0,0,0.006538957,0.019451162,0.00328626,0.004408179,0.011441869,0.015158517,0.010861619,0.007163601,0.029035874,0.00465796,0,0,0,0.008811749,0,0,0,0,0,0.01486631,0.00764169,0.019945909,0.017853414,0,0,0,0.005465587,0.010193468,0.021845929,0,0,0.011330298,0.017299864,0.014312882,0.015148011,0,0.003425259,0,0.001737858,0,0.002762185,0.001741522,0.001880878,0.007340324,0,0,0,0.001481207,0
ASV32_HT,0,0,0,0,0,0,0,0,0,0,0,0,0,0,0,0,0,0,0,0,0,0,0,0,0,0,0,0,0,0,0,0,0,0,0,0,0,0,0,0,0,0,0,0,0,0,0,0,0,0,0,0,0,0,0,0,0,0,0,0,0,0,0,0,0,0,0,0,0,0,0,0,0,0,0,0,0,0,0,0,0,0,0,0,0,0,0,0,0,0,0,0,0,0,0,0,0,0,0,0,0,0,0,0,0,0,0,0,0,0,0,0,0,0,0,0,0,0,0,0
ASV18_LT,0.054557066,0.009690767,0,0,0.00224311,0,0.002670465,0.017224788,0.012724307,0,0,0.006141698,0.017319505,0.013280212,0,0.004586743,0.023863209,0,0.018236511,0.056403322,0.020754135,0,0.06958289,0,0.001575533,0,0.011315417,0,0,0,0,0.006346408,0.133555767,0.05625,0.035357553,0.025235439,0.00779316,0,0.076684599,0.13130862,0.011587905,0.022252252,0.012031957,0.065327185,0.048162955,0.020889853,0.01736274,0.018586903,0.007095553,0,0,0,0.004687698,0,0.056375183,0.018511628,0,0,0,0,0.035260353,0,0,0,0.01192539,0.030456853,0.011970448,0,0.028363047,0,0,0.123311016,0,0.007389393,0.006975677,0,0.009478673,0,0.012096371,0.031603393,0.021191561,0,0.011049724,0,0,0,0,0,0,0,0,0,0.006987977,0.016577799,0,0.018504166,0.005322688,0.038259255,0.035206853,0.05039664,0.036888358,0,0.023628692,0.022676831,0,0,0,0.023311897,0,0.014012611,0,0.032749743,0.042099137,0,0.066627532,0.072508131,0,0.01155909,0.009609105,0
ASV18_MT,0.128704113,0.001414119,0,0,0.000652316,0.003079507,0,0.026375419,0.002901807,0,0,0,0.008599509,0,0,0.002582311,0.021276596,0,0.001414677,0.206716792,0.008781241,0,0.050150363,0,0.016926855,0,0,0,0,0,0.005369608,0.009210984,0.081007548,0.009165418,0,0.013018937,0,0.00224477,0.038668983,0.034870136,0,0.008588735,0.019298589,0.03193638,0.010726073,0.004266296,0.016551127,0,0.004424313,0,0,0,0,0,0.0038043,0.004208028,0,0,0,0,0.05518591,0,0,0,0,0.020257827,0,0.02398524,0,0,0,0.022564008,0.011565556,0.011013411,0.002438567,0.011441869,0.009520288,0.016710183,0.017037754,0.029932735,0.004201297,0,0.02473262,0,0.011303961,0,0,0,0,0,0.005989305,0,0.024228082,0.014512424,0,0,0,0.008704453,0.035677138,0.0402425,0,0,0.004653515,0.021483492,0.011310179,0,0.015889609,0.004742666,0.00550055,0.001737858,0,0.003564109,0.001191567,0,0.020877026,0.012507707,0,0,0.001481207,0
ASV18_HT,0,0,0,0,0,0,0,0,0,0,0,0,0,0,0,0,0,0,0,0,0,0,0,0,0,0,0,0,0,0,0,0,0,0,0,0,0,0,0,0,0,0,0,0,0,0,0,0,0,0,0,0,0,0,0,0,0,0,0,0,0,0,0,0,0,0,0,0,0,0,0,0,0,0,0,0,0,0,0,0,0,0,0,0,0,0,0,0,0,0,0,0,0,0,0,0,0,0,0,0,0,0,0,0,0,0,0,0,0,0,0,0,0,0,0,0,0,0,0,0
ASV21_LT,0,0,0,0,0,0,0,0,0,0,0,0,0,0,0,0,0,0,0,0,0,0,0,0,0,0,0,0,0,0,0,0,0,0,0,0,0,0,0,0,0,0,0,0,0,0,0,0,0,0,0,0,0,0,0,0,0,0,0,0,0,0,0,0,0,0,0,0,0,0,0,0,0,0,0,0,0,0,0,0,0,0,0,0,0,0,0,0,0,0,0,0,0,0,0,0,0,0,0,0,0,0,0,0,0,0,0,0,0,0,0,0,0,0,0,0,0,0,0,0
ASV21_MT,0,0,0,0,0,0,0,0,0,0.003236845,0,0,0,0,0,0,0,0,0,0,0,0,0,0,0,0,0,0,0,0,0,0,0,0,0,0,0,0,0,0,0,0,0,0,0,0,0,0,0,0,0,0,0,0,0,0,0,0,0,0,0,0,0,0,0,0.001163129,0.001220772,0,0,0,0,0.001289372,0,0.000799361,0,0,0,0,0,0,0,0,0,0,0.001691144,0,0,0,0,0,0,0,0,0,0.000360068,0,0,0,0,0,0,0,0,0,0,0,0,0.001932197,0,0.003109851,0.003864395,0,0.002566453,0,0,0,0.002013482,0,0,0.004965157
ASV21_HT,0.008661133,0,0,0,0,0,0,0,0.00610761,0,0,0,0,0,0,0,0.000650376,0,0,0,0,0,0,0,0,0,0,0,0,0,0,0,0,0.002361164,0,0,0,0,0,0,0,0,0,0,0,0,0,0,0,0,0,0,0,0,0,0,0.000264434,0,0,0,0.093864756,0.003940628,0.008596628,0,0.031827608,0.000561062,0.011497503,0.09285782,0.015006582,0.063589744,0,0.019232779,0.027818913,0.054716981,0.00053339,0.136537064,0.00400757,0.00529148,0.035407831,0.109839167,0.004987992,0.063428218,0.170733953,0,0.020958684,0.187230105,0.361860028,0,0,0.003382411,0.003806363,0.002613339,0.025516292,0.055850816,0.038376667,0.126367774,0.022449619,0.012655906,0.034032798,0.018841784,0.565646768,0.035729753,0.001069633,0.001770608,0.088016055,0.00442888,0.028333184,0.022761597,0,0.00955414,0.029820261,0.028887523,0.022523035,0.038361696,0.030955216,0.01170508,0.079487746,0.00113566,0,0.030450215
ASV7_LT,0,0,0,0,0,0,0,0,0,0,0,0,0,0,0,0,0,0,0,0,0,0,0,0,0,0,0.000353607,0,0,0,0,0,0,0,0,0,0.005959476,0,0,0,0,0,0,0,0,0,0,0,0,0,0,0,0,0,0,0,0,0,0,0,0,0.010180036,0.003622834,0.710093689,0.008256039,0.012367328,0,0.007782553,0.015599676,0,0.736108661,0,0.005376922,0.012066224,0.009086737,0.011700708,0.009176162,0.013087736,0.006498051,0,0,0.011360354,0.011049724,0.005798302,0.036576668,0.004133085,0,0.519649722,0.625177936,0.082518337,0.050551081,0.15628091,0.009968143,0.008434319,0.055153322,0.013272622,0,0.002474992,0,0,0.014646848,0.009539656,0,0,0.012630707,0.093429267,0,0.002210611,0.002059154,0.001501351,0.001172016,0.001853759,0,0.002976727,0.001956756,0,0.001704647,0.011928981,0.001585969,0
ASV7_MT,0,0,0,0,0,0,0,0,0,0,0,0,0,0,0,0,0,0,0,0,0,0,0,0,0,0,0,0,0,0,0,0,0,0,0,0,0,0,0,0,0,0,0,0,0,0,0,0,0,0,0,0,0,0,0,0,0,0,0,0,0.008414873,0,0.022824679,0.153776978,0.005626374,0.005912571,0.002253733,0.010762608,0.051175657,0,0.03107312,0.059955793,0.052675849,0.029753975,0.036766085,0.014835644,0.012847768,0.02694517,0.01500484,0.00941704,0.014521874,0.051753674,0.029507257,0,0.06141522,0.024248814,0,0.322489699,0.169367909,0.059738576,0.05144385,0.01878582,0.049019608,0.039047818,0.083985957,0.011557839,0.964624298,0.03562753,0.007489078,0,0,0.0287687,0.038239757,0.010854817,0.01281153,0.141419981,0.020071085,0.003249605,0.054883266,0.002103723,0,0.009088479,0.007424381,0.001701747,0.010962822,0.005813441,0.000787884,0,0.004721348,0.00043554
ASV7_HT,0,0,0,0,0,0,0,0,0,0,0,0,0,0,0,0,0,0,0,0,0,0,0,0,0,0,0,0,0,0,0,0,0,0,0,0,0,0,0,0,0,0,0,0,0,0,0,0,0,0,0,0,0,0,0,0,0,0,0,0,0,0,0,0,0,0,0,0,0,0,0,0,0,0,0,0,0,0,0,0,0,0,0,0,0,0,0,0,0,0.002884998,0,0,0,0,0,0,0,0,0,0,0,0,0,0,0,0,0,0,0,0,0,0,0,0,0,0,0,0,0,0
ASV5_LT,0,0,0,0,0,0,0,0,0,0,0,0,0,0,0,0,0,0,0,0.001448715,0,0,0,0,0,0,0,0.006072411,0,0,0,0,0,0,0,0.02459541,0,0,0,0,0,0,0.006256618,0,0,0,0,0,0,0,0,0,0,0,0,0,0,0,0,0,0,0,0,0,0,0,0,0,0,0,0,0,0,0,0,0,0,0,0,0,0,0,0,0,0,0,0,0,0,0,0,0,0,0,0,0,0.443398916,0,0,0,0,0,0,0,0,0,0,0,0,0,0,0,0,0,0,0,0,0,0,0
ASV5_MT,0,0,0.004228528,0.007156435,0,0,0,0,0,0,0,0,0.015868141,0.000176258,0,0,0,0,0,0,0,0,0,0.009665997,0,0,0,0.355624856,0.017001056,0,0,0,0,0,0,0,0,0,0,0,0,0,0.028996865,0.059833375,0,0,0.000259965,0,0,0,0,0,0,0,0,0,0,0.068403909,0,0,0,0,0,0,0,0,0,0,0,0,0,0,0,0,0,0,0,0,0,0,0,0,0,0,0,0.000263574,0,0.068857081,0,0,0,0,0,0,0,0,0,0,0,0,0,0,0,0,0,0,0,0,0.000977876,0,0,0,0,0,0,0,0,0,0,0
ASV5_HT,0,0.152945077,0.047793221,0.031717478,0,0,0,0,0,0.006342895,0.089229837,0,0.02694414,0.106437845,0.084665616,0,0.007154139,0.322732967,0.016009407,0.120851371,0.234191293,0.307826847,0,0.049437979,0,0,0,0.251866653,0.212901994,0.495897287,0.454679169,0.176082392,0.323881932,0.194654326,0.118027992,0.022595726,0,0,0,0,0,0.119384229,0.030216648,0.107860262,0,0.25399361,0.010141253,0,0.243152174,0,0,0.000956328,0,0,0,0,0,0.245878709,0,0,0,0.09615132,0,0.549856459,0.000540979,0,0,0.006734326,0.009039052,0,0.125464218,0,0,0,0,0.001362645,0.023266169,0.395964126,0.001972581,0,0.029835581,0,0,0,0,0,0,0.51271518,0.457747873,0,0.526742143,0.088399046,0.087746673,0,0,0,0,0,0,0,0,0.014941533,0.054123436,0.01121385,0,0.010711711,0,0,0.051729415,0,0,0,0,0,0,0,0,0.007743134,0,0
ASV22_LT,0,0,0,0,0,0,0,0,0,0,0,0,0,0,0,0,0,0,0,0,0,0,0,0,0,0,0,0,0,0,0,0,0,0,0,0,0,0,0,0,0,0,0.005871595,0,0,0,0,0,0,0,0,0,0,0,0,0,0,0.009303191,0,0,0,0,0,0,0,0,0,0,0,0,0,0,0,0,0,0,0,0,0,0,0,0,0,0,0,0,0,0,0,0,0,0,0,0,0,0,0.145898679,0,0,0,0,0,0,0,0,0,0,0,0,0,0,0,0,0,0,0,0,0,0,0
ASV22_MT,0,0,0,0,0,0,0,0,0.002620987,0,0,0,0,0,0,0,0,0,0,0,0,0,0,0.005167959,0,0,0,0.053361053,0.007919747,0,0,0,0,0,0,0,0,0,0,0,0,0,0.00862069,0.01691492,0,0,0,0,0.00948067,0,0,0,0,0,0,0,0,0.018147976,0,0,0,0,0,0,0,0,0,0,0,0,0,0,0,0,0,0,0,0,0,0,0,0,0,0,0,0,0,0.033289959,0,0,0,0,0,0,0,0,0,0,0,0,0,0,0,0,0,0,0,0,0,0,0,0,0,0,0,0,0,0,0,0
ASV22_HT,0,0.01801304,0.014264813,0,0,0,0,0,0,0,0.015746442,0,0.010405257,0.025164503,0,0,0.00929109,0.048472584,0.00397974,0.054202742,0.093634149,0.057170966,0,0.006266786,0,0,0,0.054054054,0.071476286,0.10889082,0.092664093,0.02449755,0.024686941,0.086513034,0.021934406,0,0,0,0,0,0,0.020630433,0.011497529,0,0,0.026015518,0,0,0.053586957,0,0,0,0,0,0.000748013,0,0,0.01278849,0,0,0,0.044135032,0.012392542,0.188038278,0,0,0,0,0,0,0.071966275,0,0,0,0.002666951,0,0.00968496,0.229327354,0,0,0.04193608,0,0,0,0,0,0,0.16099374,0.176924599,0.004874652,0.23648253,0.030678332,0.046443323,0,0,0,0,0.000825385,0,0,0,0.005846687,0.036902342,0.01937832,0,0.004634875,0,0,0.121722273,0,0,0,0,0,0,0,0,0.012285773,0,0
ASV23_LT,0,0,0,0,0,0,0,0,0,0,0,0,0,0,0,0,0,0,0,0,0,0,0,0,0,0,0,0,0,0,0,0,0,0,0,0,0.007701476,0,0,0,0,0,0,0.010869565,0,0,0,0,0,0,0,0,0,0,0,0,0,0,0,0,0,0,0,0,0,0,0,0,0,0,0,0,0,0,0,0,0,0,0,0,0,0,0,0,0,0,0,0,0,0,0,0,0,0,0,0,0,0,0,0,0,0,0,0,0,0,0,0,0,0,0,0,0,0,0,0,0,0,0,0
ASV23_MT,0,0.004024801,0.006107874,0,0,0,0,0,0,0,0,0,0.011875512,0,0,0,0,0,0,0,0,0,0,0.012345679,0,0,0,0.118272118,0.006335797,0,0,0,0,0,0,0,0,0,0,0,0,0,0.013812696,0.028528149,0,0,0,0,0,0,0,0,0,0,0,0,0,0.047929269,0,0,0,0,0,0,0,0,0,0,0,0,0,0,0,0,0,0,0,0,0,0,0,0,0,0,0,0,0,0,0,0,0,0,0,0,0,0,0,0,0,0,0,0,0,0,0,0,0,0,0,0,0,0,0,0,0,0,0,0,0,0
ASV23_HT,0,0.087965521,0.040477932,0.03938648,0,0,0,0.007586144,0,0.010792389,0.042798022,0,0.038992333,0.120309443,0.065075433,0,0.012821704,0.175773345,0.022612156,0.058802309,0.119267027,0.111171841,0,0.033422859,0,0.005776237,0,0.078767483,0.071858002,0.09074235,0.150303365,0.083391661,0.169230769,0.108707971,0.064340923,0.023374889,0,0,0,0,0,0.071002199,0.021854808,0.062772926,0,0.132930169,0.013944223,0,0.090978261,0,0,0,0,0,0,0,0,0.144469977,0,0,0,0,0,0,0,0,0,0,0,0,0,0,0,0,0,0,0,0.02573991,0,0.001892148,0.007297247,0,0,0,0,0,0,0,0,0,0,0,0.042037632,0,0,0,0,0,0,0,0,0,0,0.005213457,0,0.006900814,0,0,0.028160392,0,0,0,0,0,0,0,0,0,0,0
ASV34_LT,0,0,0,0,0,0,0,0,0,0,0,0,0,0,0,0,0,0,0,0,0,0,0,0,0,0,0.000265205,0,0,0,0,0,0,0,0,0,0,0,0,0,0,0,0,0.003513395,0,0,0,0,0,0,0,0,0,0,0,0,0,0.004930691,0,0,0,0,0,0,0,0,0,0,0,0,0,0,0,0,0,0,0,0,0,0,0,0,0,0,0,0,0,0,0,0,0,0,0,0,0,0,0,0,0,0,0,0,0,0,0,0,0,0,0,0,0,0,0,0,0,0,0,0,0,0
ASV34_MT,0,0,0.00347679,0,0,0,0,0,0,0,0,0,0.005118755,0,0,0,0,0,0,0,0,0,0,0.006029285,0,0,0,0.071494571,0.010770855,0,0,0,0,0,0,0,0,0,0,0,0,0,0.011167712,0.01350669,0,0,0,0,0,0,0,0,0,0,0,0,0,0.024011168,0,0,0,0,0,0,0,0,0,0,0,0,0,0,0,0,0,0,0,0,0,0,0,0,0,0,0,0,0,0.010193017,0,0,0,0,0,0,0,0,0,0,0,0,0,0,0,0,0,0,0,0,0,0,0,0,0,0,0,0,0,0,0,0
ASV34_HT,0,0.027516853,0.015118264,0.020450672,0,0,0,0,0.005719825,0.005017514,0.02705158,0,0.025191676,0.068024186,0.027809052,0,0.010220199,0.103498121,0.012572359,0.046626984,0.079546658,0.077284652,0,0.019397195,0,0,0,0.061205174,0.092661514,0.108794285,0.074829932,0.052494751,0.076296959,0.058934643,0.025903489,0.009795191,0,0,0,0,0,0.02157294,0.020524515,0.024781659,0,0.05146052,0.008149221,0,0.067717391,0,0,0,0,0,0,0,0,0.06134479,0,0,0,0.019965848,0.004465781,0,0,0,0,0,0,0,0.008631938,0,0.004336789,0,0,0,0,0.112376682,0,0,0.013855533,0,0,0,0,0,0,0.039025822,0,0,0.006636736,0,0.025791648,0,0,0.001839837,0,0,0,0,0,0,0.01422612,0.006000393,0,0.005767844,0,0,0.028772574,0,0,0,0,0,0,0,0,0.003923188,0,0
ASV2_LT,0,0,0,0,0,0,0,0,0,0,0,0,0,0,0,0,0,0,0,0,0,0,0,0.061586176,0,0,0,0.019019248,0.01147541,0,0,0,0,0,0,0.001371491,0.010452003,0,0,0,0,0,0,0,0,0,0,0,0,0.002357696,0,0,0,0,0,0,0,0.107358824,0.005954497,0.000842866,0,0,0,0,0,0,0,0,0,0,0,0,0,0,0,0,0,0,0,0,0,0,0,0,0,0.000413309,0,0,0,0,0,0,0,0,0,0,0.060545576,0,0,0,0,0,0,0,0,0,0,0,0,0,0,0,0,0,0,0,0.006011125,0,0,0
ASV2_MT,0,0.002175568,0.000563804,0.405233143,0,0.002146323,0.000263551,0,0,0.000277444,0.155175983,0,0.001330876,0,0,0,0,0,0.000972591,0,0,0,0,0.389223849,0.023241537,0,0,0.099445599,0.214889124,0,0,0,0,0,0,0,0.518145359,0.010325941,0,0,0,0,0.006073668,0.004544307,0.000916758,0.000396865,0,0,0,0.038507502,0.003579176,0.02238806,0,0.000461042,0,0,0.001043478,0.084597487,0.038183602,0.021269054,0,0,0,0.074078237,0,0,0,0,0,0,0,0,0,0,0,0,0,0,0,0,0,0,0,0,0,0.000175716,0,0.009542399,0.159064598,0,0,0,0,0,0,0,0.000175562,0.001821862,0,0,0,0,0,0,0,0,0,0,0,0,0,0.002316671,0,0,0,0,0.008053926,0.000456329,0,0
ASV2_HT,0,0.343131838,0.134357474,0.550085211,0.125594766,0.546170816,0.28619064,0,0.483373728,0.014105841,0.525285152,0.006642195,0.062541073,0.252356393,0.34620581,0,0.624082505,0.05685651,0.187319103,0,0.06249338,0.140686489,0,0.45140754,0.449149024,0.615746912,0.724098505,0.144599853,0.277316538,0.034752389,0.015444015,0.362663734,0.013506261,0.015772573,0.366931272,0.320347284,0.613517004,0.519078129,0.54816538,0.271880642,0.376400104,0.482773065,0.176738883,0.112445415,0.16869469,0.036170698,0.415067005,0.404372076,0.174130435,0.278047832,0.026870897,0.307618744,0.02630882,0.004232058,0.202150538,0.196598209,0.050242398,0.079728245,0.089896348,0.027430983,0,0.003152502,0.003684269,0.084210526,0.007032729,0.021974939,0.082367355,0.001422745,0.12777534,0,0.345980126,0,0,0.088176101,0.013441434,0,0.009573639,0.004843049,0.029391459,0,0.001200813,0.07724835,0.000184179,0.096993871,0.023866827,0.158441291,0.042179427,0.043818466,0.095487829,0,0,0.013521191,0.053877926,0,0.072148134,0,0,0.030080704,0,0.08423386,0,0,0.030163654,0.003639583,0,0,0.033085269,0.011650485,0.043362922,0.038094072,0.026756536,0.011882811,0,0,0.041304149,0.096778086,0,0.002787528,0.005288507,0.007005418
ASV27_LT,0,0,0,0,0,0,0,0,0,0,0,0,0,0,0,0,0,0,0,0,0,0,0,0,0,0,0,0,0,0,0,0,0,0,0,0,0,0,0,0,0,0,0.002983925,0,0,0,0,0,0,0,0,0,0,0,0,0,0,0.010140478,0,0,0,0,0,0,0,0,0,0,0,0,0,0,0,0,0,0,0,0,0,0,0,0,0,0,0,0,0,0,0,0,0,0,0,0,0,0,0,0,0,0,0.000542476,0,0,0,0,0,0,0,0,0,0,0,0,0,0,0,0,0,0,0
ASV27_MT,0,0,0,0.054455999,0,0,0,0,0,0,0.02173913,0,0,0,0,0,0,0,0,0,0,0,0,0.045650301,0,0,0,0.018711019,0.034107709,0,0,0,0,0,0,0,0.07287489,0,0,0,0,0,0,0,0,0,0,0,0,0,0,0.009801738,0,0,0,0,0,0.018613309,0.008029262,0.004253811,0,0,0,0,0,0,0,0,0,0,0,0,0,0,0,0,0,0,0,0,0,0,0,0,0,0,0,0,0.01504978,0,0,0,0,0,0,0,0,0,0,0,0,0,0,0,0,0,0,0,0,0,0,0,0,0,0,0,0,0,0,0
ASV27_HT,0,0.06619516,0.017434772,0.073092217,0.023988898,0.062191407,0.038289065,0,0.117304896,0.005680204,0.050671243,0.002884111,0.013033954,0.046416504,0.030623733,0,0.096441513,0.013587742,0.064218524,0,0.01398157,0.019457805,0,0.055107928,0.050643421,0.088865192,0.057783641,0,0.02824697,0,0,0.0339966,0,0,0.040839774,0.023931434,0.103572966,0.074304294,0.081103944,0.024897843,0.156203873,0.044612001,0.020334474,0,0.07365413,0,0.098605578,0.061532926,0.028369565,0.041804394,0.004376368,0.037403039,0.004855655,0,0,0.017189903,0.005112384,0,0.014918144,0.005538948,0,0,0,0,0,0,0,0,0.00991663,0,0.032018468,0,0,0,0,0,0,0,0.005030082,0,0,0.01165429,0,0,0,0,0,0,0.010488819,0,0,0,0,0,0,0,0,0,0,0.008866722,0,0,0,0,0,0,0,0,0,0,0,0,0,0,0.033061636,0,0,0,0,0
ASV16_LT,0,0,0,0,0,0,0,0,0,0,0.039623221,0,0,0,0,0,0,0,0,0,0,0,0,0,0,0,0.009635785,0,0.001434426,0,0,0,0,0,0,0.000640029,0,0,0,0,0,0,0,0,0,0,0,0,0,0,0,0,0,0,0,0,0,0.089961857,0.004177035,0,0,0,0,0,0,0,0,0,0,0,0,0,0,0,0,0,0,0,0,0,0,0,0,0,0,0,0,0,0,0,0,0,0,0,0,0,0,0,0,0,0,0,0,0,0,0,0,0,0,0,0,0,0,0,0,0,0,0,0,0
ASV16_MT,0,0,0,0.084982668,0,0,0,0,0,0,0.168426501,0,0,0,0,0,0,0,0,0,0,0,0,0,0,0,0,0,0.109609293,0,0.000447467,0,0,0,0,0,0,0,0,0,0,0,0,0,0,0,0,0,0,0,0,0,0,0,0,0,0,0.026337832,0.005085199,0,0,0,0,0.166928957,0,0,0,0,0,0,0.374610142,0,0,0,0,0,0,0,0,0,0,0,0,0,0,0,0,0,0.10442232,0,0,0,0,0,0,0,0,0,0,0,0,0,0,0,0,0,0,0,0,0,0,0.000534616,0,0,0,0,0,0.009491649,0,0
ASV16_HT,0,0,0.054864667,0,0,0.037924152,0.047602622,0,0.011439651,0,0.030483497,0,0,0,0,0,0,0,0,0,0,0,0,0.031632349,0,0,0,0.090966453,0,0,0,0.03459654,0,0,0,0,0,0.005929043,0,0.007982514,0,0,0.095876093,0.098689956,0,0,0,0.017452321,0,0.018082831,0,0,0,0,0,0.012304352,0,0.034868618,0.006006006,0,0,0,0.128502847,0,0,0.34982233,0.069644708,0,0.093462045,0,0,0,0,0.040377358,0.004160444,0,0,0,0.030180491,0,0,0,0,0.225119175,0.231046931,0,0,0.020833333,0,0,0,0.222133848,0.00614961,0.029184149,0.006524033,0.018688874,0,0.043378577,0,0.032788399,0,0,0.205904375,0.15905961,0,0,0,0.032578209,0,0,0,0,0,0,0,0,0,0.036031386,0.008877137,0
ASV28_LT,0,0,0,0,0,0,0,0,0,0,0.0674721,0,0,0,0,0,0,0,0,0,0,0,0,0,0,0,0,0,0,0,0,0,0,0,0,0,0,0,0,0,0,0,0,0,0,0,0,0,0,0,0,0,0,0,0,0,0,0.061028933,0,0,0,0,0,0,0,0,0,0,0,0,0,0,0,0,0,0,0,0,0,0,0,0,0,0,0,0,0,0,0,0,0,0,0,0,0,0,0,0,0,0,0,0,0,0,0,0,0,0,0,0,0,0,0,0,0,0,0,0,0,0
ASV28_MT,0,0,0,0,0,0,0,0,0,0,0.141407867,0,0,0,0,0,0,0,0,0,0,0,0,0,0,0,0,0,0.06061246,0,0,0,0,0,0,0,0,0,0,0,0,0,0,0,0,0,0,0,0,0,0,0,0,0,0,0,0,0.019171708,0.003479347,0,0,0,0,0.106901978,0,0,0,0,0,0,0.258634631,0,0,0,0,0,0,0,0,0,0,0,0,0,0,0,0,0,0,0,0,0,0,0,0,0,0,0,0,0,0,0,0,0,0,0,0,0,0,0,0,0,0,0,0,0,0,0,0,0
ASV28_HT,0,0,0.023896611,0,0,0.034562454,0,0,0,0,0,0,0,0,0,0,0,0,0,0,0,0,0,0,0,0,0,0.080555263,0,0,0,0,0,0,0,0,0,0,0,0.009978143,0,0,0.136259977,0.160043668,0,0,0,0.015473192,0,0,0,0,0,0,0,0.007056908,0,0.027974823,0,0,0,0,0.099810204,0,0.001713101,0.185337572,0.032324946,0,0.019131198,0,0.025996186,0,0,0.085157233,0,0,0,0,0.034816057,0,0,0,0,0.113337873,0.148716406,0,0,0.029342723,0,0,0,0.141915691,0,0,0,0,0,0.014673514,0,0.023552231,0,0,0.161728527,0.137025379,0,0,0,0.009169364,0,0,0,0.005326777,0,0,0,0,0,0.028907702,0.002644253,0
ASV4_LT,0,0,0.094018277,0,0.218756676,0.302009525,0.469645718,0,0.185644372,0,0,0.328800175,0.039371664,0.143732761,0.148480574,0,0.042559188,0,0.081500282,0.005794862,0.04623446,0.027942143,0,0.077425786,0.08137164,0,0.033504243,0.143560953,0.003688525,0,0,0.031203173,0.001239276,0.004563492,0,0.009874737,0.017878427,0.058884787,0.010668369,0.030817329,0.00353069,0.003153153,0.033111945,0.181818182,0.017037883,0,0,0.163466273,0.03358562,0.047378466,0.391358366,0.299978778,0.176232104,0.162195625,0,0.131906977,0.082164329,0.022606754,0.21605048,0.267068031,0,0,0,0,0.001732749,0.016982003,0.001776863,0,0,0,0.000705592,0,0,0,0,0,0,0,0,0,0,0,0.000208485,0,0,0,0,0,0,0,0,0,0,0,0,0,0,0,0,0,0,0,0,0,0,0,0,0,0,0,0,0,0,0.000721631,0,0,0.004037323,0,0,0
ASV4_MT,0,0,0.05149408,0,0.019569472,0.106103024,0.308705965,0,0.011607226,0,0,0.086695279,0.033783784,0,0.029250239,0,0,0,0.072944297,0,0.004149378,0,0,0.039142502,0.001841782,0,0,0.013282513,0,0,0,0,0.003247323,0,0,0,0,0.075154889,0,0,0,0,0.019102665,0.071699066,0.003208654,0,0,0,0.000948067,0.029345372,0.018438178,0.146469147,0.004721435,0.066274781,0,0,0.051217391,0.024569567,0.097600143,0.049805034,0,0,0.002691119,0,0,0.008335757,0.06977181,0,0,0,0,0.012064837,0.002313111,0,0,0,0,0,0,0,0,0,0,0,0,0,0,0.011602689,0,0,0,0,0,0,0,0,0,0.000910931,0,0,0,0,0,0.003279059,0,0,0,0,0,0,0.001932197,0.00196026,0,0,0,0,0.003326622,0.005110888,0.00407332,0.004094077
ASV4_HT,0,0,0.306998293,0,0.378271213,0.114087614,0.210187421,0,0.047406689,0,0,0.45097011,0.300876232,0.021429842,0.045260077,0,0,0,0.23552822,0,0,0.006668124,0,0.032527604,0.054586966,0,0,0.011462825,0,0.000965344,0,0.00249975,0,0,0,0,0,0.063115616,0.033414402,0.034971016,0,0,0.023375143,0.026746725,0.050239676,0,0.036128214,0.08195394,0.000978261,0.206494264,0.429059081,0.116990755,0.385185839,0.430347381,0.01542777,0.246087035,0.4089026,0.019682286,0.177564661,0.436346052,0,0.004203336,0.146924193,0,0.292759895,0.010286142,0.253981717,0,0.011408513,0,0,0.209783631,0.371377195,0.121383648,0.020375507,0.001998547,0,0,0.103659138,0.001324503,0,0.018358086,0,0,0.007220217,0,0,0.0021518,0,0.005968961,0,0.039313714,0,0.004289044,0.344526528,0,0,0.135913426,0.015870217,0,0,0,0.009305808,0.094432422,0.046636086,0,0.018560029,0.081014024,0,0.232239098,0.297589869,0.07262856,0.147764759,0.509374099,0.010623683,0.173042114,0.26562155,0.008878794,0.112664085,0.314403138
ASV24_LT,0,0,0,0,0,0.000696945,0,0,0,0,0,0,0.002416675,0.000612933,0.005641749,0,0.10531755,0,0,0.026752946,0,0.013806706,0,0,0,0,0.001768034,0,0,0,0,0.089819304,0,0,0,0.063180031,0.003208948,0,0,0.005806163,0.000633714,0,0,0.001097936,0,0,0,0,0,0.000785899,0,0,0,0,0.001074744,0,0,0,0,0.004695966,0,0,0.037305395,0,0.00795026,0.034517766,0.107734032,0,0.010838736,0.00110664,0,0,0.024626304,0.041530259,0.044148692,0,0,0.001163354,0.037088873,0.000403877,0.004182545,0,0,0.063263616,0,0,0,0.011426741,0.000355872,0.047799511,0,0.000706514,0.000822115,0.000969462,0,0,0,0.00309374,0.001253656,0.001026598,0.001627428,0,0.000468823,0.047959085,0,0,0,0.002713023,0.004960689,0.004003603,0.022809232,0.00638517,0.005141139,0.001533466,0,0.016166061,0.074825049,0.008784908,0.00326523,0.006177962
ASV24_MT,0,0.002501904,0,0,0,0.001959686,0,0,0.031264626,0,0,0,0.002866503,0,0,0,0,0,0,0,0,0,0,0.001722653,0,0,0,0,0,0,0,0,0.000351062,0,0,0,0,0,0,0,0,0.000361631,0,0,0,0,0,0,0,0,0,0,0,0,0,0,0,0,0,0,0,0.009312412,0.011561846,0,0.005274725,0.024425705,0.00610386,0,0.114296492,0.002903484,0,0.008473015,0.027547051,0.014832578,0.001594448,0,0.007117109,0,0.001742498,0,0.003287972,0.102966369,0,0.004721435,0.001869159,0,0,0.055953155,0,0.005617371,0.007058824,0.002653364,0,0,0.00405077,0,0,0.00354251,0.00228833,0.000313578,0,0,0.00091047,0.023066486,0.002602342,0.00127197,0.002090738,0,0.00220022,0.002835452,0.003776568,0.006148089,0.001833181,0.003224362,0,0.000968907,0.003851878,0.0074838,0.00203666,0.001132404
ASV24_HT,0,0,0,0,0,0,0,0,0,0,0,0,0,0,0,0,0,0,0,0,0,0.021206821,0,0,0,0,0,0,0,0,0,0,0,0,0,0.031500445,0,0,0,0,0,0,0,0,0,0,0,0,0,0,0,0,0,0,0,0,0,0,0,0,0.010300045,0.189806909,0.084514905,0,0.027139122,0,0.0051833,0.000663948,0.000351031,0,0,0,0.004442564,0.008050314,0.012054619,0.053324855,0.054436157,0.00161435,0.107308413,0.001702933,0.048032514,0.146452145,0.000736716,0,0,0,0,0,0,0.003879825,0.059437829,0.003408704,0.00192749,0.001958042,0,0.011426358,0.00031325,0,0.04972668,0.036852314,0,0.021113036,0,0.000786937,0.029051988,0.037490988,0.004841747,0,0,0,0,0.02489244,0,0,0.011905852,0,0,0,0.000283313,0
ASV11_LT,0,0,0,0.647261204,0.002777184,0.009524916,0,0,0,0,0.554008396,0,0,0.011134947,0.005898192,0,0,0,0,0,0,0,0,0,0,0,0.017061528,0.493698442,0.620389344,0.645625127,0.001415428,0.002644337,0,0,0,0,0.329879894,0,0,0,0.038022814,0,0.000481278,0,0,0,0,0.001230921,0.001135289,0,0,0,0,0.004539827,0,0,0.000871308,0.019257605,0,0,0,0,0,0,0,0,0,0,0,0,0,0,0,0,0,0,0,0,0,0,0,0,0,0,0,0,0,0,0.070907473,0,0.001165748,0,0,0,0,0,0,0,0,0,0,0,0,0,0,0,0,0,0,0,0,0,0,0,0,0,0,0,0.006250583,0
ASV11_MT,0,0.053845317,0,0.117745723,0,0,0,0,0,0,0.10952381,0,0,0,0.025191022,0,0,0,0,0,0,0,0,0,0,0,0,0.04042504,0.166631468,0.615026326,0,0,0,0,0,0,0.071603248,0,0,0,0,0,0,0,0,0,0,0,0,0,0,0,0,0,0,0,0,0.007910656,0,0,0,0,0,0,0,0,0,0,0,0,0,0,0,0,0,0,0,0,0,0,0,0,0,0,0,0,0,0,0,0,0,0,0,0,0,0,0,0,0,0,0,0,0,0,0,0,0,0,0,0,0,0,0,0,0,0,0,0,0,0
ASV11_HT,0,0,0,0,0,0,0,0,0,0,0.016856768,0,0,0,0,0,0,0,0,0,0,0,0,0,0,0,0,0,0,0,0,0,0,0,0,0,0,0,0,0,0,0,0,0,0,0,0,0,0,0,0,0,0,0,0,0,0,0,0,0,0,0,0,0,0,0,0,0,0,0,0.009836395,0,0,0,0,0,0,0,0,0,0,0,0,0,0,0,0,0,0,0,0,0,0,0,0,0,0,0,0,0,0,0,0,0,0,0,0,0,0,0,0,0,0,0,0,0,0,0,0,0
ASV3_LT,0,0.353331882,0.221129881,0,0.00224311,0.000696945,0.017447036,0,0.178901577,0.002027089,0,0,0.404994462,0.019920319,0.484549301,0,0.077320556,0,0.246286896,0,0.283365869,0.431623932,0.011419723,0.243132477,0.051992586,0,0.073815417,0.002864345,0.002151639,0.011115643,0,0,0.030505243,0,0,0,0.013385899,0.407744012,0.008571168,0.037070121,0.003711751,0.038198198,0.203099432,0.066754502,0.004664002,0.009314523,0.183669639,0.032619399,0.457332072,0.136072752,0,0.291914261,0.02065121,0.002338699,0.107865169,0.061395349,0.008451686,0.032933296,0.050391042,0.004214329,0.039462895,0.64746913,0.310290806,0.000353544,0,0.008121827,0.028616852,0.054129399,0.160048622,0.034808853,0,0,0.144639209,0.160695912,0.314731528,0.047726573,0.264394474,0.156374212,0.298110567,0.233340065,0.19815968,0.611341099,0.050974669,0.182853593,0.002241467,0.106220293,0.028816109,0.266873131,0.003024911,0.15207824,0.170941077,0.126889925,0.040900216,0.12816287,0,0.125944584,0,0.069609157,0.005850397,0.387214186,0.066399045,0.415418747,0.313830286,0.22609283,0.105186872,0.514125489,0.302170797,0.130426045,0.343129914,0.364427985,0.0062207,0.160659114,0.007372199,0,0.160845318,0.153147121,0.164274179,0.401516553,0.26336412,0.142277547
ASV3_MT,0,0.017513325,0.341289231,0,0,0,0,0,0.038191519,0,0,0,0.042895168,0.108134309,0.440425024,0,0.000617992,0,0.044916004,0,0.073530831,0,0,0.004019523,0.000263112,0,0,0,0,0,0.008412386,0.012947515,0.005090398,0,0,0,0,0.106671456,0.006124874,0,0,0,0.196806426,0.156652361,0.001375138,0,0.012911612,0,0.143368798,0.001991767,0,0.037202049,0,0,0,0.005718602,0,0.011074919,0.005263627,0,0,0.004209721,0.032891458,0,0,0,0,0,0.037847353,0.00030036,0,0,0.037325202,0.016875389,0.119677359,0,0,0,0.003291384,0,0.004201297,0,0,0.048001259,0,0,0,0.016482325,0,0.020525008,0.035935829,0.00137975,0,0,0,0,0,0.014979757,0,0,0,0,0.181891755,0.08740389,0.00030027,0,0.002090738,0.000878272,0.022857841,0.028080124,0,0.017196828,0,0,0.000381316,0.002818638,0.001750854,0.016792918,0.035363822,0.001829268
ASV3_HT,0,0,0,0,0,0,0,0,0,0,0,0,0,0,0,0,0.004366812,0,0,0,0,0,0,0,0,0,0,0,0,0,0,0,0,0,0,0,0,0,0,0,0,0,0,0,0,0,0,0,0,0,0,0,0,0,0.001028518,0,0,0,0,0,0,0,0,0,0,0,0,0,0,0,0,0,0,0,0,0,0,0,0,0,0,0,0,0,0,0,0,0,0,0,0,0,0,0,0,0,0,0,0,0,0,0,0,0,0,0,0,0,0,0,0,0,0,0,0,0,0,0,0,0
ASV19_LT,0,0.230074042,0.073109942,0,0,0.012777326,0.003471604,0.007120862,0.119195215,0.003132774,0,0,0,0.010113393,0.082831132,0,0.017192785,0,0.015416432,0.084122078,0.023630946,0.095112864,0.002225878,0,0.037164041,0.001740341,0.023603253,0.006530706,0.015881148,0.024066898,0,0.043895989,0.008198284,0.002380952,0.060196234,0.020572369,0.017878427,0.010981729,0.054344853,0.019205002,0.00181061,0.074684685,0.003753971,0.031840141,0.027032172,0.5,0.013984045,0.003938946,0.037086093,0,0,0,0,0,0,0.013767442,0,0.006884361,0,0.001083685,0,0.00226223,0,0,0,0.004614675,0.002618535,0,0.002329822,0,0,0,0,0,0.003120698,0,0.000504185,0,0,0.000605816,0.001115345,0,0,0,0.00376974,0,0,0.028086288,0,0.050855746,0,0,0.000205529,0,0,0.000678163,0,0,0,0,0.002278399,0,0,0,0,0.002327796,0,0,0,0,0,0,0,0,0,0,0,0.000739782,0,0
ASV19_MT,0,0,0.07273069,0,0.000372752,0.003919373,0.003689713,0.001178283,0.015538706,0,0.000621118,0,0.004402129,0,0.017788921,0,0.000794562,0,0,0.001904762,0.043809708,0.063095452,0,0.002296871,0.002631117,0,0,0,0.019112988,0.024402592,0,0.001303441,0.000351062,0,0.005895293,0.001365623,0.052430793,0.015892969,0.027516226,0.002156916,0,0.002350601,0.001469436,0.007826306,0,0.011509078,0.004159445,0.004122767,0.012746234,0,0.010195228,0,0,0,0.001415553,0.034419508,0,0.005304793,0,0,0,0,0,0,0,0,0,0,0.001383126,0,0,0,0.000630848,0,0.000468955,0,0,0,0,0,0,0,0,0,0,0,0,0.025374105,0.034614494,0.003240791,0,0,0,0,0,0,0.004564607,0,0,0,0,0,0.000505817,0.000904568,0,0,0.000418148,0,0,0,0,0,0,0,0,0,0,0.000365063,0,0
ASV19_HT,0.000902201,0.003867831,0,0,0,0,0.000804875,0,0.005041202,0,0,0,0.04162103,0.000177841,0.006079712,0,0.011428041,0.002312807,0,0.002164502,0,0.00841714,0.067480322,0,0,0,0,0,0,0.010618786,0,0,0.003309481,0,0.002193441,0.013357079,0,0,0,0,0,0,0,0,0.160766962,0.129050662,0,0,0.000543478,0,0,0,0,0,0,0,0,0,0,0,0.000358262,0.027715749,0.039075583,0,0,0,0.00621996,0,0.000526547,0,0,0,0.004125238,0,0.000746746,0,0.047645553,0,0.008876615,0.002365184,0.003510068,0.011860561,0,0,0,0,0,0.000880282,0,0.004675686,0.002439977,0.003067833,0.072693896,0.002424242,0.006811858,0.008424518,0,0,0.003174043,0,0,0.002923343,0,0.002852646,0,0.010505716,0,0,0.000918274,0,0,0,0,0,0.009707849,0,0,0,0,0
ASV13_LT,0.007937232,0,0.013431182,0,0.00267037,0,0,0.001443418,0.076128331,0,0,0.000438693,0.00483335,0.006435795,0.021925888,0.003057829,0.02095077,0.008883131,0.01034029,0.035058914,0.028254392,0.027942143,0.004258202,0.080527249,0.001019462,0,0.008574965,0,0,0,0.006723284,0.004671662,0.004194471,0.008829365,0.000441969,0.060437049,0.006784634,0.011928429,0.03455822,0.020098258,0.001539019,0.040720721,0.021176244,0.028436539,0.008947268,0.020799421,0.017832004,0.006646972,0.012771996,0.00538902,0,0.005942275,0.006208032,0,0.017684416,0.012837209,0,0,0,0,0,0,0,0,0,0,0,0,0,0,0,0,0,0,0,0,0,0,0,0,0,0,0,0,0,0,0,0,0,0,0,0,0,0,0,0,0,0,0,0,0,0,0,0,0,0,0,0,0,0,0,0,0,0,0,0,0,0,0.00205243,0
ASV13_MT,0.021671827,0.301968889,0.02086074,0,0,0,0,0.026194145,0.374520266,0,0,0,0.017915643,0.000793161,0.04608405,0,0.023042288,0.002033059,0.002122016,0.09122807,0.059828235,0.141919827,0.021758358,0.020289023,0.001666374,0.018051801,0,0,0,0.028857837,0.003490245,0.01416406,0.020361594,0.01260245,0,0.09377276,0,0.047499327,0.06938477,0.00907702,0,0.143205858,0.008914577,0.007826306,0.033828383,0.507689255,0.03847487,0.002175905,0.090277046,0.007303147,0,0.01481399,0.001888574,0,0.057506857,0.004423824,0,0,0.000713712,0.000354484,0,0.014542671,0,0,0,0,0,0,0.089903181,0,0,0,0,0.002131628,0.013412118,0,0.0009243,0,0,0.002578475,0.001826651,0,0,0,0,0.005007907,0,0,0,0.024413957,0.010695187,0,0,0.001461683,0.001350257,0,0,0,0.003744539,0,0,0,0,0,0,0,0,0.000878272,0,0.004847709,0.001756543,0,0,0,0.004099142,0.005549194,0,0,0,0
ASV13_HT,0.018134248,0.001105094,0,0,0.000396511,0,0,0.017822868,0,0,0.000504694,0,0.021467689,0,0,0,0.000278733,0,0.001628075,0.00297619,0.05497299,0.010712724,0.022640842,0,0,0,0,0,0,0,0.003309432,0,0.013148479,0.079051757,0,0.03205699,0,0,0.016389976,0.00028509,0,0.002199183,0,0,0,0.055111821,0,0.001889169,0,0,0,0,0.002736824,0,0.003553062,0,0,0.001099011,0,0,0.00958352,0.214895573,0,0,0.003696691,0,0.003204222,0,0,0,0,0,0,0,0.009067634,0,0.01369253,0.00206278,0.015386133,0.01589404,0.031682985,0.00814769,0.090984437,0,0,0,0,0,0,0,0.005075151,0,0,0.007272727,0,0.031470902,0,0,0.010403809,0,0,0,0.013584341,0.01564037,0.003440367,0.058296426,0.004214113,0,0.02275278,0,0,0.034111862,0,0,0.043868486,0,0,0,0,0
ASV17_LT,0,0,0,0,0,0,0,0,0,0,0,0,0,0,0,0,0,0,0,0,0,0,0,0,0,0,0,0,0,0,0,0,0,0.009920635,0,0,0,0,0,0,0,0,0,0,0,0,0,0,0,0,0,0,0,0,0,0,0,0,0,0,0,0,0,0,0,0,0,0,0,0,0,0,0,0,0,0,0,0,0,0,0,0,0,0,0,0,0,0,0,0,0,0,0,0,0,0,0,0,0,0,0,0,0,0,0,0,0,0,0,0,0,0,0,0,0,0,0,0,0,0
ASV17_MT,0,0,0,0,0,0,0,0,0,0,0,0,0,0,0,0,0,0,0,0.044711779,0,0,0,0,0,0,0,0,0,0,0,0,0,0,0,0,0,0,0,0,0,0,0,0,0,0,0,0,0,0,0,0,0,0,0.007077767,0,0,0,0,0,0.042857143,0.116851639,0,0,0,0,0,0.021217712,0.100968188,0,0,0,0.017138051,0.017763567,0.072125305,0,0.009890008,0,0,0.072533632,0.02191981,0,0.021485867,0,0,0,0,0,0,0.33995895,0,0,0.005070994,0.004802673,0,0.278771115,0,0,0.0215311,0.010661649,0,0.115074799,0.006676783,0.00339213,0.006405765,0.30006938,0,0.003776568,0.161716172,0,0,0,0,0,0.028884652,0,0,0.000273798,0,0
ASV17_HT,0,0,0,0,0,0,0,0,0,0,0,0,0,0,0,0,0,0,0,0,0,0,0,0,0,0,0,0,0,0,0,0,0,0,0,0,0,0,0,0,0,0,0,0,0,0,0,0,0,0,0,0,0,0,0,0,0,0,0,0,0,0,0,0,0,0,0,0,0.002983765,0,0,0,0,0.031823899,0.32259441,0,0.099298675,0,0.099713976,0,0.247459819,0,0,0,0,0,0,0,0,0.343911659,0,0,0.012023864,0.10993007,0,0,0,0,0,0.050429482,0,0,0.035832709,0.049478654,0,0.076629931,0,0,0.136618712,0,0,0.070579799,0,0,0,0,0,0,0,0
ASV29_LT,0,0,0,0,0.003097629,0,0,0,0,0,0,0.067887695,0,0,0,0,0,0,0,0,0,0,0,0,0,0,0,0,0,0,0,0.000440723,0.000190658,0,0,0,0,0.00047335,0,0,0,0,0,0,0.001903674,0,0,0.002092565,0,0.0089817,0,0.001697793,0.068288357,0.000412712,0,0.006697674,0,0,0.007909705,0,0,0,0,0.000176772,0,0,0,0,0,0,0,0,0,0,0,0,0,0,0,0,0,0,0,0,0,0,0,0,0,0,0,0,0,0,0,0,0,0,0,0,0,0,0,0,0,0,0,0,0,0,0,0,0,0,0,0,0,0,0,0
ASV29_MT,0.003361345,0,0.007141515,0,0.241170441,0.000653229,0,0,0,0,0,0.390312692,0,0.144443465,0,0.000553352,0.005385362,0.062936445,0.054199823,0,0.001929943,0,0,0,0.000877039,0,0,0,0,0,0.023805262,0.009645464,0.002545199,0.017273288,0,0.000455208,0,0.000808117,0,0.00179743,0,0,0,0,0.025852585,0,0.001126516,0.053252405,0,0.200504581,0.084815618,0.008465137,0.493052745,0.089903181,0.002388746,0.093763487,0.017565217,0,0.082166117,0.023927685,0,0,0,0,0.003428571,0,0,0,0,0,0,0.034260453,0,0.000799361,0,0,0,0,0,0,0.00036533,0,0,0,0,0,0,0,0,0,0,0,0,0.000939653,0,0,0,0,0,0,0,0,0,0,0,0,0,0.001932197,0,0.001737858,0,0,0.006049496,0.001253918,0,0.007663173,0.000262628,0,0.00305499,0
ASV29_HT,0,0,0,0,0,0,0,0,0,0,0,0,0,0,0,0,0,0,0,0,0,0,0,0,0,0,0,0,0,0,0,0,0,0,0,0,0,0,0,0,0,0,0,0,0,0,0,0,0,0,0,0,0,0,0,0,0,0,0,0,0,0,0,0,0,0,0,0,0,0,0,0,0,0,0,0,0,0,0,0,0,0,0,0,0,0,0,0,0,0,0,0,0,0,0,0,0,0,0,0,0,0,0,0,0,0,0,0,0,0,0,0,0,0,0,0,0,0,0,0
ASV1_LT,0.499133291,0.00043554,0.222099142,0,0.325571459,0.195493089,0.067829802,0.414164742,0.031756389,0.001934949,0.000307157,0.08017109,0.040378612,0.259883543,0.054237723,0.62505621,0.363679068,0.425464976,0.232092499,0.324125942,0.172403164,0.119110234,0.371237782,0.021267169,0.26626506,0.475896276,0.439268034,0,0.005635246,0.000509892,0.451521585,0.423182019,0.295424214,0.200496032,0.046760364,0.498765658,0.154487944,0.156300293,0.231056807,0.258597588,0.826996198,0.350810811,0.362017519,0.09606939,0.203312393,0.013022246,0.390239324,0.40915805,0.020340587,0.213203099,0.256212038,0.055178268,0.174331686,0.287797496,0.278944797,0.315813953,0.633963579,0.007256489,0.25719872,0.387597833,0.002152522,0,0,0,0.04087249,0.001476696,0.001215749,0.001161575,0,0,0.000793791,0.024832623,0,0.009634272,0,0.095555784,0,0.007464857,0.006098171,0,0.000650618,0,0.005212134,0,0.013958227,0.0605497,0.097326698,0,0,0,0.005298855,0.001695634,0,0.000581677,0,0.000968804,0,0,0.000313414,0,0.196701747,0,0,0.000289491,0.000517652,0,0.000716772,0.021905145,0,0.003903513,0.214929679,0.002059732,0.018818508,0.096337723,0.000391351,0.007461259,0.10039476,0,0.041701651,0.200922084
ASV1_MT,0.431578947,0.001196563,0.199868446,0,0.26539931,0.553938037,0.243696741,0.577177558,0.098848638,0.001294738,0,0.107173513,0.413185913,0.398078787,0.149235912,0.830581942,0.666460669,0.553345708,0.270733864,0.376942356,0.413007816,0.268560129,0.661949407,0.0977127,0.656814594,0.760966251,0.636314597,0,0,0,0.50205835,0.745046924,0.572933123,0.56437825,0.641970963,0.556081573,0,0.283559307,0.378553798,0.632695246,0.872420908,0.436488563,0.358738245,0.355087099,0.485423542,0.084234547,0.677642981,0.616582684,0.147898451,0.356393573,0.353796095,0.391178436,0.1386753,0.536191793,0.53242502,0.665623651,0.391478261,0.232759423,0.270942992,0.491403758,0.485616438,0,0.632612379,0,0.717186813,0.487641756,0.322283783,0.58804838,0.283037847,0.00030036,0,0.418401179,0.199453265,0.477307043,0.285781279,0.570251139,0.443109345,0.57921671,0.546272991,0.492825112,0.58032697,0.542692273,0.601699771,0.051778407,0.643435692,0.587506589,0.380653266,0.000867491,0,0.005293292,0.259251337,0.638930163,0.483547442,0.501983713,0.639391484,0.364615233,0,0.419331984,0.505720824,0.602069614,0.94455765,0.462485616,0.438340921,0.460199005,0.559803823,0.020235893,0.501254443,0.696820657,0.128346168,0.712613189,0.78535043,0.618996703,0.105407883,0.780206001,0.530505243,0.48198714,0.845487175,0.574244775,0.431401592,0.82195122
ASV1_HT,0,0,0,0,0,0,0.003449465,0.000548396,0,0.001041371,0,0,0,0,0,0,0,0,0,0,0,0.000327941,0.000619086,0,0,0,0.000263852,0,0,0,0,0,0,0.000188893,0,0,0,0,0.000528709,0,0,0,0,0,0,0,0,0.000539763,0,0,0,0,0,0.001763357,0.002057036,0,0.000176289,0,0,0,0,0,0,0,0,0,0,0,0,0,0,0,0,0,0,0,0,0,0,0,0,0,0,0,0,0,0,0,0,0,0,0,0,0,0,0,0,0,0,0,0,0,0,0,0,0,0,0,0,0,0,0,0,0.000288434,0,0,0,0,0,0.000373622
ASV35_LT,0,0,0,0,0,0,0,0,0,0,0,0,0,0,0,0,0,0,0,0.000482905,0,0,0,0,0,0,0.000353607,0,0,0,0,0,0,0,0,0,0,0,0,0,0,0,0,0,0,0,0,0,0,0,0,0,0,0,0,0,0,0,0,0,0,0,0,0,0,0,0,0,0,0,0,0,0,0,0,0,0,0,0,0,0,0,0,0,0,0,0,0,0,0,0,0,0,0,0,0,0,0,0,0,0,0,0,0,0,0,0,0,0,0,0,0,0,0,0,0,0,0,0,0
ASV35_MT,0,0,0,0,0,0,0,0,0,0,0,0,0,0,0,0,0,0,0,0,0,0,0,0,0,0,0,0,0,0,0,0,0,0,0,0,0,0,0,0,0,0,0,0,0,0,0,0,0,0,0,0,0,0,0,0,0,0.079013495,0,0,0,0,0,0,0,0,0,0,0,0,0,0,0,0,0,0,0,0,0,0,0,0,0,0,0,0,0,0,0,0,0,0,0,0,0,0,0,0,0,0,0,0,0,0,0,0,0,0,0,0,0,0,0,0,0,0,0,0.002464178,0,0
ASV35_HT,0,0,0,0,0.000594766,0.004517281,0.005979073,0,0,0,0,0.01914001,0,0,0,0,0,0,0,0,0,0,0,0.010345171,0.098796181,0.000444326,0,0,0,0,0,0,0,0,0.018278671,0,0,0,0,0,0,0,0,0.068886463,0,0,0,0.00440806,0,0.001652732,0.0195186,0.006588035,0.085636091,0.066214072,0,0.034741699,0.031643896,0.007093616,0.056282089,0.039827677,0,0,0.01183432,0,0,0,0.005089059,0,0,0,0,0.179052995,0,0,0,0,0,0,0,0,0,0,0,0,0.164861613,0,0,0,0,0,0,0,0,0,0,0,0,0.006236244,0,0,0,0,0,0.003344482,0,0,0,0.021035599,0,0.130205781,0.212928922,0.047428806,0.168240246,0.066051341,0,0.055025944,0.001545595,0.007639893,0.119841345,0.001307678
ASV26_LT,0,0,0,0,0.008972442,0.003949355,0.006142069,0,0,0,0,0.003070849,0,0.001940954,0,0,0,0,0,0,0,0,0,0,0.000926784,0,0,0,0,0,0,0,0,0,0,0,0.00064179,0.014011171,0,0,0,0,0,0.004062363,0.00437845,0,0.00281558,0.026957164,0,0.00538902,0.002208724,0,0.004814392,0.014995185,0.001465559,0.00055814,0.032412651,0,0.042659083,0.011679711,0,0,0,0,0.038120477,0.002491924,0.001122229,0,0,0,0,0.031162508,0,0.004583294,0,0,0,0,0.00219934,0,0,0,0,0,0.003260316,0.000309981,0,0,0,0,0,0,0,0,0.000319421,0,0,0,0,0,0,0,0,0,0,0,0,0.00130627,0,0,0.011630004,0,0.013289359,0.0233628,0,0.001530515,0.006100843,0,0.089747178,0.020009221
ASV26_MT,0,0,0,0,0.090485509,0.001119821,0.007994378,0,0,0,0,0.007357449,0,0.000705032,0,0,0,0,0.007161804,0,0,0,0,0,0,0.000610447,0,0,0,0,0.000357974,0,0,0,0.059568852,0,0,0.027745353,0,0,0,0,0.003526646,0.006942691,0,0,0.004419411,0.069399908,0.000632045,0.006772009,0.022776573,0,0.071226224,0.034462886,0.000176944,0.005071213,0.23573913,0,0.017753591,0.059021624,0,0,0,0,0.103736264,0.002132403,0.395811813,0,0,0,0,0.062626635,0,0.00532907,0.000187582,0,0,0,0.013262343,0,0.002922641,0,0,0.001416431,0.004361371,0,0,0,0,0,0,0.002441095,0.000338066,0.001044059,0.034026465,0,0,0.053947368,0,0.003658409,0,0,0,0.028833107,0.004504054,0,0.008467489,0.026523801,0.000611172,0.018476173,0.014667135,0.010692328,0.091292392,0.00815047,0,0.126926803,0.00621553,0.000182532,0.205332346,0.013763066
ASV26_HT,0,0,0,0,0,0,0.001379786,0,0,0,0,0,0,0,0,0,0,0,0,0,0,0,0,0,0,0,0,0,0,0,0,0,0,0,0,0,0,0,0,0,0,0,0,0,0,0,0,0,0,0,0,0,0,0.000264504,0,0,0,0,0,0,0,0,0,0,0,0,0,0,0,0,0,0,0,0,0,0,0,0,0,0,0,0,0,0,0,0,0,0,0,0,0,0,0,0,0,0,0,0,0,0,0,0,0,0,0,0,0,0,0,0,0,0,0,0,0,0,0,0,0,0
