0,0.146531957,0.114222087,0.027091747,0.025859776,0.204802508,0,0,0.00282926,0,0.004310685,0.000682281,0,0.000176913,0.000235884,0,0,0,0.001684109,0,0,0,0,0,0,0,0,0,0,0,0,0,0,0,0,0,0,0,0,0,0,0,0,0,0,0,0,0,0.002037527,0,0,0,0.021718701,0.093859016,0,0,0.000418676,0,0,0,0,0,0,0,0,0,0,0,0,0,0,0,0,0,0,0,0,0,0,0,0,0,0,0,0,0,0,0,0,0,0,0,0,0,0,0,0,0,0,0,0,0,0,0,0,0,0,0,0,0,0,0,0,0,0,0.002683179,0,0,0,0,0,0,0,0,0,0,0,0,0,0,0,0,0,0,0,0,0,0,0,0,0,0,0,0,0,0,0.342826103,0,0,0,0,0,0.008029592,0,0,0,0,0,0,0,0,0,0,0,0,0,0,0,0,0,0,0,0,0,0,0,0,0,0,0,0,0,0,0,0,0,0,0,0,0,0,0,0,0,0,0,0,0,0,0,0,0,0,0,0,BEN-BC
0,0.089735554,0.023031552,0.079119058,0.017269703,0.001498179,0,0,0.00137786,0,0.000543892,0,0.001814395,0,0.001197309,0,0,0,0,0,0,0.00014518,0,0,0,0,0,0,0,0,0,0,0,0,0,0,0,0,0,0,0,0,0,0,0,0,0,0,0.179161112,0,0.154901364,0.150484926,0.163064619,0,0.035498024,0.000833968,0.094712622,0,0,0,0,0.003941504,0,0,0,0,0,0,0,0,0,0,0,0,0,0.001125145,0,0,0,0,0,0,0,0,0,0,0,0,0,0,0,0,0,0,0,0,0,0,0,0,0,0,0,0,0,0,0,0,0,0,0,0,0,0,0,0,0,0,0,0,0,0,0,0,0,0,0,0,0,0,0,0,0,0,0,0,0,0,0,0,0,0,0,0,0,0,0.000544034,0,0,0,0,0,0,0,0,0,0,0,0,0,0,0,0,0,0,0,0,0,0,0,0,0,0,0,0,0,0,0,0,0,0,0,0,0,0,0,0,0,0,0,0,0,0,0,0,0,0,0,0,0,0,0,0,0,0,BHI-BC
0,0.002344056,0.020308317,0.009753846,0.003432057,0.006022038,0,0,0.008948041,0,0.005268328,0,0.000603332,0,0.000461553,0,0,0,0,0,0,0.000461553,0,0,0,0,0,0,0,0,0,0,0,0,0,0,0,0,0,0,0,0,0,0,0,0,0,0,0.113640999,0.243300102,0.27946351,0.061216163,0.014187015,0,0,0.001341136,0.064451974,0.000626449,0.001246192,0,0,0.001178574,0,0,0,0,0.001409509,0,0,0,0,0,0,0,0,0,0,0,0,0,0,0,0,0,0,0,0,0,0,0,0,0,0,0,0,0,0,0,0,0,0,0,0,0,0,0,0,0,0,0,0,0,0,0,0,0.000369242,0.000923105,0,0,0,0,0,0,0,0,0,0,0,0,0,0,0,0,0,0,0,0,0,0,0,0,0,0,0,0,0,0.157173445,0,0,0,0,0,0.001869463,0,0,0,0,0,0,0,0,0,0,0,0,0,0,0,0,0,0,0,0,0,0,0,0,0,0,0,0,0,0,0,0,0,0,0,0,0,0,0,0,0,0,0,0,0,0,0,0,0,0,0,0,BRA-BC
0,0,0,0,0,0,0,0,0,0,0,0,0,0,0,0,0,0,0,0,0,0,0,0,0,0,0,0,0,0,0,0,0,0,0,0,0,0,0,0,0,0,0,0,0,0,0,0,0.5436181,0.002348205,0,0.050229952,0,0,0.403393739,0,0,0,0,0,0,0,0,0,0,0,0,0,0,0,0,0,0,0,0,0.000410004,0,0,0,0,0,0,0,0,0,0,0,0,0,0,0,0,0,0,0,0,0,0,0,0,0,0,0,0,0,0,0,0,0,0,0,0,0,0,0,0,0,0,0,0,0,0,0,0,0,0,0,0,0,0,0,0,0,0,0,0,0,0,0,0,0,0,0,0,0,0,0,0,0,0,0,0,0,0,0,0,0,0,0,0,0,0,0,0,0,0,0,0,0,0,0,0,0,0,0,0,0,0,0,0,0,0,0,0,0,0,0,0,0,0,0,0,0,0,0,0,0,0,0,0,0,0,0,0,0,CSA-BC
0,0.021666679,0.015242718,0.025758819,0.002062454,0.012793003,0,0,0.011885175,0,0.011448797,0.000639422,0,0,0,0,0.000155313,0,0.00013217,0,0,0,0,0,0,9.91277E-05,0,0,0,0,0,0,0,0,0,0,0,0,0,0,0,0,0,0,0,0,0,0,0.070578906,0.354202126,0.000747703,0,0.001022294,0,0.000925728,0.040357393,0.000124251,0.019395982,0,0,0,0,0,0.015430875,0,0,0,0,0,0,0,0,0,0,0,0,0,0,0,0,0,0,0,0,0,0,0,0,0,0,0,0,0,0,0,0,0,0,0,0,0,0,0,0,0,0,0,0,0,0,0,0,0,0,0,0.053398616,0,0,0,0,0,0,0,0,0,0,0,0,0,0,0,0,0,0,0,0,0,0,0,0,0,0,0,0,0,0,0.298627116,0.001387787,0.03315265,0,0,0,0.000429553,0,0,0,0,0.00026667,0.002019072,0,0.005521534,0,0,0.000528065,0,0,0,0,0,0,0,0,0,0,0,0,0,0,0,0,0,0,0,0,0,0,0,0,0,0,0,0,0,0,0,0,0,0,0,0,0,0,0,0,0,CHIA-BC
0,0.033387931,0.027459085,0.005689941,0.004584228,0.001449528,0,6.22123E-05,0.002002095,0,0.000116158,0,0,0,0,0,0,0,0,0,0,0,0,0,0,0,0,0,0,0,0,0,0,0,0,0,0,0,0,0,0,0,0,0,0,0,0,0,0.311816932,0.309004575,0.000232315,0,0,0,0.003174972,0.023598857,0.005565566,0.004980148,0,0,0,0,0,0.000473551,0,0,0,0,0,0,0,0,0,0,0,0,0,0,0,0,0,0,0,0,0,0,0,0,0,0,0,0,0,0,0,0,0,0,0,0,0,0,0,0,0,0,0,0,0,0,0,0,0,0,0,0.005910165,0,0,0,0,0,0,0,0,0,0,0,0,0,0,0,0,0,0,0,0,0,0,0,0,0,0,0,0,0,0,0.257296255,0.00150576,0.001689725,0,0,0,0,0,0,0,0,0,0,0,0,0,0,0,0,0,0,0,0,0,0,0,0,0,0,0,0,0,0,0,0,0,0,0,0,0,0,0,0,0,0,0,0,0,0,0,0,0,0,0,0,0,0,0,0,CZA-BC
0,0.043302777,0.014793974,0.022741287,0.00257164,0.001902147,0.002261316,0,0.000678957,0,0.000118687,0,0,0,0,0,0,0,0,0,0,0,0,0,0,0,0,0,0,0,0,0,0,0,0,0,0,0,0,0,0,0,0,0,0,0,0,0,0.180571542,0.554975476,0.006201412,0,0,0,0,0.005691781,0.002655397,0.010505133,0,0,0,0,0,0.016869046,0,0,0,0,0,0,0,0,0,0,0,0,0,0,0,0,0,0,0,0,0,0,0,0,0,0,0,0,0,0,0,0,0,0,0,0,0,0,0,0,0,0,0,0,0,0,0,0,0,0,0,0.018594981,0.000613238,0,0,0,0,0,0,0,0,0,0,0,0,0,0,0,0,0,0,0,0,0,0,0,0,0,0,0,0,0,0.10623822,0.001993024,0.005172078,0.00015331,0,0,0,0.001157201,0,0,0,0.000237375,0,0,0,0,0,0,0,0,0,0,0,0,0,0,0,0,0,0,0,0,0,0,0,0,0,0,0,0,0,0,0,0,0,0,0,0,0,0,0,0,0,0,0,0,0,0,0,GN1-BC
0,0.194849524,0.043679774,0.007315991,0.028294441,0.203703179,0,0,0.011577248,0,0.000526656,0,0.002114868,0.000211487,0,0,0.000213265,0,0.002833379,0,0,0,0,0,0,0.000060933,0,0,0,0,0,0,0,0,0,0,0,0,0,0,0,0,0,0,0,0,0,0,0.001540832,0,0,0.002528715,0.020976359,0.11091268,0,0,0.002766382,0,0,0,0,0,0,0,0,0,0,0,0,0,0,0,0,0,0,0,0,0,0,0,0,0,0,0,0,0,0,0,0,0,0,0,0,0,0,0,0,0,0,0,0,0,0,0,0,0,0,0,0,0,0,0,0,0,0,0.013776851,0,0,0,0,0,0,0,0,0,0,0,0,0,0,0,0,0,0,0,0,0,0,0,0,0,0,0,0,0,0,0.33325871,0,0,0,0,0,0.018858727,0,0,0,0,0,0,0,0,0,0,0,0,0,0,0,0,0,0,0,0,0,0,0,0,0,0,0,0,0,0,0,0,0,0,0,0,0,0,0,0,0,0,0,0,0,0,0,0,0,0,0,0,GYM-BC
0,0.051833405,0.013298244,0.055512577,0.005762058,0.003027629,0,0,0.003567039,0,0.001104508,0,0,0,0.000326264,0,0,0,0,0,0,0,0,0,0,0,0,0,0,0,0,0,0,0,0,0,0,0,0,0,0,0,0,0,0,0,0,0,0.273420585,0.119293528,0.085710772,0.002780271,0.23265145,0.017671981,0,0.020284603,0.061237348,0,0,0,0,0.000161577,0,0,0,0,0,0,0,0,0,0,0,0,0,0,0.001098724,0,0,0,0,0.000452416,0,0,0,0,0,0,0,0,0,0,0,0,0,0,0,0,0,0,0,0,0,0,0,0,0,0,0,0,0,0,0,0,0,0.00061304,0,0,0,0,0,0,0,0,0,0,0,0,0,0,0,0,0,0,0,0,0,0,0,0,0,0,0,0,0,0,0.043535009,0,0,0,0,0,0.006366133,0,0,0,0.000290839,0,0,0,0,0,0,0,0,0,0,0,0,0,0,0,0,0,0,0,0,0,0,0,0,0,0,0,0,0,0,0,0,0,0,0,0,0,0,0,0,0,0,0,0,0,0,0,0,GLA-BC
0,0.091438214,0.318037458,0.515186548,0.01072457,0,0,0,0.00021579,0,0.000708455,0,0,0,0,0,9.24813E-05,0,0.000252454,0,0,0,0,0,0,0,0,0,0,0,0,0,0,0,0.000347124,0,0,0,0,0,0,0,0,0,0,0,0,0,0.009591046,0,0.000675696,0.012023099,0,0.021868787,0,0,0.001044258,0.016093913,0,0.000276421,0,0,0,0,0,0,0,0,0,0,0,0,0,0,0,0,0,0,0,0,0,0,0,0,0,0,0,0,0,0,0,0,0,0,0,0,0,0,0,0,0,0,0,0,0,0,0,0,0,0,0,0,0,0,0,0,0,0,0,0,0,0,0,0,0,0,0,0,0,0,0,0,0,0,0,0,0,0,0,0,0,0,0,0,0,0,0.001423686,0,0,0,0,0,0,0,0,0,0,0,0,0,0,0,0,0,0,0,0,0,0,0,0,0,0,0,0,0,0,0,0,0,0,0,0,0,0,0,0,0,0,0,0,0,0,0,0,0,0,0,0,0,0,0,0,0,0,GGA-BC
0,0,0,0,0,0,0,0,0,0,0,0,0,0,0,0,0,0,0,0,0,0,0,0,0,0,0,0,0,0,0,0,0,0,0,0,0,0,0,0,0,0,0,0,0,0,0,0,0.574570606,0,0,0.078799502,0.000168231,0,0.345064541,0,0.000377682,0,0,0,0,0,0,0,0,0,0,0,0,0,0,0,0,0,0,0.000917052,0,0,0,0,0,0,0,0,0,0,0,0,0,0,0,0,0,0,0,0,0,0,0,0,0,0,0,0,0,0,0,0,0,0,0,0,0,0,0,0,0,0,0,0,0,0,0,0,0,0,0,0,0,0,0,0,0,0,0,0,0,0,0,0,0,0,0,0,0,0,0.000102386,0,0,0,0,0,0,0,0,0,0,0,0,0,0,0,0,0,0,0,0,0,0,0,0,0,0,0,0,0,0,0,0,0,0,0,0,0,0,0,0,0,0,0,0,0,0,0,0,0,0,0,0,0,0,0,0,0,0,HA-BC
0,0.057876513,0.023720171,0.006105086,0.001338303,0.007444509,0,0,0.003377082,0,0.015045227,0,0,0,0,0,0,0,0,0,0,0,0,0,0,0,0,0,0,0,0,0,0,0,0,0,0,0,0,0,0,0,0,0.000109673,0,0,0,0,0.003903746,0.500659558,0,0,0.000146231,0,0,0.001647973,0,0.033094447,0,0,0,0.000466119,0,0.012730875,0,0,0,0,0,0,0,0,0,0,0,0,0,0,0,0,0,0,0,0,0,0,0,0,0,0,0,0,0,0,0,0,0,0,0,0,0,0,0,0,0,0,0,0,0,0,0,0,0,0,0,0.043817699,0,0,0,0,0,0,0,0,0,0,0,0,0,0,0,0,0,0,0,0,0,0,0,0,0,0,0,0,0,0,0.274468309,0.006554798,0.003476099,0,0,0,0,0,7.31153E-05,0,0,0.001096732,0.001787558,0,0.001060174,0,0,0,0,0,0,0,0,0,0,0,0,0,0,0,0,0,0,0,0,0,0,0,0,0,0,0,0,0,0,0,0,0,0,0,0,0,0,0,0,0,0,0,0,HVA-BC
0,0.147730647,0.024792327,0.034873913,0.030845544,0.007118837,0,0,0.015854698,0,0.000887251,0,0.000238875,0.000100695,0.00006825,0.000238875,0,0,0,0,0,0,0,0,0,0,0,0,0,0,0,0,0,0,0,0,0,0,0,0,0,0,0,0,0,0,0,0,0.036697733,0.198190165,0.179050755,0.067868937,0.019135843,0.009476107,0,0.019456285,0.024431962,0.007557503,0,0,0,0.001935013,0,0,0,0,0.001876877,0,0,0,0,0.000716626,0,0,0,0,0,0,0,0,0,0,0,0,0,0,0,0,0,0,0,0,0,0,0,0,0,0,0,0,0,0,0,0,0,0,0,0,0,0,0,0,0,0,0,0.00982801,0,0,0,0,0,0,0,0,0,0,0,0,0,0,0,0,0,0,0,0,0,0,0,0,0,0,0,0,0,0,0.159173433,0,0,0,0,0,0.001752464,0,0,0,0,0,0,0,0.000102375,0,0,0,0,0,0,0,0,0,0,0,0,0,0,0,0,0,0,0,0,0,0,0,0,0,0,0,0,0,0,0,0,0,0,0,0,0,0,0,0,0,0,0,0,KB-BC
0,0.073604178,0.040623829,0.034344808,0.001301292,0.008602269,0,0,0.016313925,0,0.019829108,0,0,0,0.000499398,0,0,0,0,0,0,0,0,0,0,0,0,0,0,0,0,0,0,0,0,0,0,0,0,0,0,0,0,0,0,0,0,0,0.14727329,0.110435286,0.061114603,0.162842557,0.0037731,0,0.005720707,0.001462433,0.003430411,0.003971783,0.000851296,0,0,0,0,0.002074812,0,0,0,0,0,0,0,0,0,0,0,0,0,0,0,0,0,0,0,0,0,0,0,0,0,0,0,0,0,0,0,0,0,0,0,0,0,0,0,0,0,0,0,0,0,0,0,0,0,0,0,0.008049117,0,0,0,0,0,0,0,0,0,0,0,0,0,0,0,0,0,0,0,0,0,0,0,0,0,0,0,0,0,0,0.288267047,0,0.000881995,0,0,0,0.000237121,0,0,0,0.000118561,0,0.000293763,0,0.003907053,0,0,0.000176258,0,0,0,0,0,0,0,0,0,0,0,0,0,0,0,0,0,0,0,0,0,0,0,0,0,0,0,0,0,0,0,0,0,0,0,0,0,0,0,0,0,LNMS-BC
0,0.029794252,0.013738343,0.028407655,0.006014733,0.001178017,0,0,0.00031837,0,0.000409739,0,0,0,0,0,0,0,0,0,0,0,0,0,0,0,0,0,0,0,0,0,0,0,0,0,0,0,0,0,0,0,0,0,0,0,0,0,0.200821172,0.08448934,0.363117507,0.086804774,0.023545497,0.006805158,0.010363071,0.00402958,0.035566588,0.006455003,0.025138126,0,0,0,0,0,0,0,0.001426105,0,0,0,0,0,0,0,0,0.002041186,0,0,0,0,0,0,0,0,0,0,0.001711238,0,0,0,0,0,0,0,0,0,0,0,0,0,0,0,0,0,0,0,0,0,0,0,0,0,0,0,0,0,0,0,0,0,0,0,0,0,0,0,0,0,0,0,0,0,0,0,0,0,0,0,0,0,0,0,0,0,0,0,0.067824545,0,0,0,0,0,0,0,0,0,0,0,0,0,0,0,0,0,0,0,0,0,0,0,0,0,0,0,0,0,0,0,0,0,0,0,0,0,0,0,0,0,0,0,0,0,0,0,0,0,0,0,0,0,0,0,0,0,0,LB-BC
0,0.09722827,0.039803121,0.025420481,0.006543754,0.025221031,0,0,0.015472816,0,0.000245934,0,0,0,0.000119915,0,0,0,0,0,0,0,0,0,0,0,0,0,0,0,0,0,0,0,0,0,0,0,0,0,0,0,0,0,0,0,0,0,0,0,0,0,0.001388178,0.005166138,0,0.274333686,0,0,0,0,0,0,0,0.004373606,0,0,0,0,0,0,0,0,0,0,0,0,0,0,0,0,0,0,0,0,0,0,0,0,0,0,0,0,0,0,0,0,0,0,0,0,0,0,0,0,0,0,0,0,0,0,0,0,0,0,0,0.000522611,0,0,0,0,0,0,0,0,0,0,0,0,0,0,0,0,0,0,0,0,0,0,0,0,0,0,0,0,0,0,0.50416046,0,0,0,0,0,0,0,0,0,0,0,0,0,0,0,0,0,0,0,0,0,0,0,0,0,0,0,0,0,0,0,0,0,0,0,0,0,0,0,0,0,0,0,0,0,0,0,0,0,0,0,0,0,0,0,0,0,0,MCA-BC
0,0.091723141,0.036173325,0.015740943,0.023375402,0.007640087,0,0,0.000512616,0,0.002278087,0,0.000529708,0.000501065,0.000617992,0,0,0,0,0,0,0,0,0,0,0,0,0,0,0,0,0,0,0,0,0,0,0,0,0,0,0,0,0,0,0,0,0,0.299389885,0.016629087,0.030817307,0.01864412,0.019827722,0.001197176,0,0.03510585,0.009805129,0,0.000402614,0,0,0,0,0,0,0,0,0,0,0,0,0,0,0,0,0,0,0,0,0,0,0,0,0,0,0,0,0,0,0,0,0,0,0,0,0,0,0,0,0,0,0,0,0,0,0,0,0,0,0,0,0,0,0,0,0.0187571,0.008549418,0,0,0,0,0,0,0,0,0,0,0,0,0,0,0,0,0,0,0,0,0,0,0,0,0,0,0,0,0,0.360946029,0,0,0,0,0,0.000836198,0,0,0,0,0,0,0,0,0,0,0,0,0,0,0,0,0,0,0,0,0,0,0,0,0,0,0,0,0,0,0,0,0,0,0,0,0,0,0,0,0,0,0,0,0,0,0,0,0,0,0,0,MYP-BC
0,0.176967711,0.013540606,0.017189287,0.001178585,0.007552831,0,0,0.000265182,0,0.01596016,0,0.000117859,0,0,5.89293E-05,0,0,0,0,0,0.000246754,0,0,0,0,0,0,0,0,0,0,0,0,0,0,0,0,0,0,0,0,0,0,0,0,0,0,0.031479875,0,0,0.290642768,0.004255614,0.011349913,0,0,0.000770936,0.000192734,0,0,0,0,0,0.005244704,0,0,0,0,0,0,0,0,0,0,0,0,0,0,0,0,0,0,0,0,0,0,0,0,0,0,0,0,0,0,0,0,0,0,0,0,0,0,0,0,0,0,0,0,0,0,0,0,0,0,0,0.045034367,0,0,0,0,0,0,0,0,0,0,0,0,0,0,0,0,0,0,0,0,0,0,0,0,0,0,0,0,0,0,0.376212772,0,0,0,0,0,0,0,0,0,0,0.000324111,0,0,0.001178585,0,0,0.000235717,0,0,0,0,0,0,0,0,0,0,0,0,0,0,0,0,0,0,0,0,0,0,0,0,0,0,0,0,0,0,0,0,0,0,0,0,0,0,0,0,0,MIC-BC
0,0.077462724,0.035283734,0.010919955,0.004461859,0.010999719,0,0,0.011657141,0,0.009863677,0.000648394,0,0,0,0,0,0,0,0,0,0,0,0,0,0,0,0,0,0.000265252,0,0,0,0,0,0,0,0,0,0,0,0,0,0,0,0,0,0,0.137586741,0.249878424,0.144462214,0.029456102,0.004696794,0.001065363,0,0.004005388,0.006435598,0.005095273,0,0,0,0,0,0.00265316,0,0,0,0,0,0,0,0,0,0,0,0.000331645,0,0,0,0,0,0,0,0,0,0,0,0.000294724,0,0,0,0,0,0,0,0,0,0,0,0,0,0,0,0,0,0,0,0,0,0,0,0,0,0,0,0.042292956,0,0,0,0,0,0,0,0,0,0,0,0,0,0,0,0,0,0,0,0,0,0,0,0,0,0,0,0,0,0,0.198263603,0.000353669,0.002387268,0,0,0,0.000150748,0,0,0,0.000416338,0.000506617,0.005334512,0,0.002681992,0,0,8.84173E-05,0,0,0,0,0,0,0,0,0,0,0,0,0,0,0,0,0,0,0,0,0,0,0,0,0,0,0,0,0,0,0,0,0,0,0,0,0,0,0,0,0,MM-BC
0,0.12426293,0.108922338,0.041083441,0.007783244,0.108615921,0.001287747,0,0.002738996,0,0.003143581,0,0,0.000321937,0,0,0,0,0.000901876,0,0,0.00035413,0,0,0,0,0,0,0,0,0,0,0,0,0,0,0,0,0,0,0,0,0,0,0,0,0,0,0.009046423,0.001931621,0,0.136816479,0.078115795,0.026337434,0,0.008917649,0.040085415,0.003367003,0,0,0,0.004088504,0,0,0,0,0,0,0,0,0,0.035624098,0,0,0,0,0,0,0,0,0,0,0,0,0,0,0,0,0,0,0,0,0,0,0,0,0,0,0,0,0,0,0,0,0,0,0,0,0,0,0,0,0,0,0,0.00196181,0,0,0,0,0,0,0,0,0,0,0,0,0,0,0,0,0,0,0,0,0,0,0,0,0,0,0,0,0,0,0.246314402,0.000160968,0,0,0,0,0.007816258,0,0,0,0,0,0,0,0,0,0,0,0,0,0,0,0,0,0,0,0,0,0,0,0,0,0,0,0,0,0,0,0,0,0,0,0,0,0,0,0,0,0,0,0,0,0,0,0,0,0,0,0,PYG-BC
0,0.088425448,0.016779615,0.038255392,0.010683728,0.005267648,0.00106168,0,0.000611149,0,0.010261409,0,0,0,0,0,0.000070614,0,0.000247149,0,0,0,0,0,0,0,0,0,0,0,0,0,0,0,0,0,0,0,0,0,0,0,0,0,0,0,0,0,0.032669146,0.016794613,0.174127611,0.22776542,0.057848455,0.059545673,0,0.003954383,0.022737544,0.000812061,0,0,0,0,0,0,0.00434276,0,0,0,0,0,0,0,0,0,0,0.000812061,0.007767539,0,0,0,0,0.00105921,0,0,0,0.003883769,0,0,0,0,0,0,0,0,0,0,0,0,0,0,0,0,0,0,0,0,0,0,0,0,0,0,0,0,0,0.01529329,0,0,0,0,0,0,0,0,0,0,0,0,0,0,0,0,0,0,0,0,0,0,0,0,0,0,0,0,0,0,0.195780308,0,0,0,0,0,0.003142322,0,0,0,0,0,0,0,0,0,0,0,0,0,0,0,0,0,0,0,0,0,0,0,0,0,0,0,0,0,0,0,0,0,0,0,0,0,0,0,0,0,0,0,0,0,0,0,0,0,0,0,0,PYS-BC
0,0.000292205,0.013993858,0.125331801,0.00640523,0.002677765,0,0,0.009469691,0,0.000438308,0,0.006714986,0.00025568,0.006256206,0.000269639,0,0,0,0,0,0.000401782,0,0,0,0,0,0,0,0,0,0,0,0,0,0,0,0,0,0,0,0,0,0,0,0,0,0,0.074005247,0.014166605,0.175688509,0.232582714,0.0945953,0,0,0.017464792,0.073501185,0.000583005,0,0,0,0.000182189,0,0,0,0,0,0,0,0,0,0,0,0,0,0.001238886,0,0,0,0,0,0,0,0,0,0,0,0,0,0,0,0,0,0,0,0,0,0,0,0,0,0,0,0,0,0,0,0,0,0,0,0,0,0,0,0.004509152,0,0,0,0,0,0,0,0,0,0,0,0,0,0,0,0,0,0,0,0,0,0,0,0,0,0,0,0,0,0,0.138975265,0,0,0,0,0,0,0,0,0,0,0,0,0,0,0,0,0,0,0,0,0,0,0,0,0,0,0,0,0,0,0,0,0,0,0,0,0,0,0,0,0,0,0,0,0,0,0,0,0,0,0,0,0,0,0,0,0,0,PPS-BC
0,0.16402164,0.081083361,0.139515622,0.032789643,0.134164862,0,0,0.000383254,0,0.000383277,0,0,0.000589657,0,0,0.001591934,0,0.000766487,0,0,0,0,0,0,0,0,0,0,0,0,0,0,0,0,0,0,0,0,0,0,0,0,0,0,0,0,0,0.006840026,0,0.003806574,0,0.022469315,0.026325875,0,0,0.035676071,0.000176882,0,0,0,0,0,0,0,0,0,0,0,0,0,0,0,0,0,0,0,0,0,0,0,0,0,0,0,0,0,0,0,0,0,0,0,0,0,0,0,0,0,0,0,0,0,0,0,0,0,0,0,0,0,0,0,0,0,0.00061914,0,0,0,0,0,0,0,0,0,0,0,0,0,0,0,0,0,0,0,0,0,0,0,0,0,0,0,0,0,0,0.348118334,0,0,0,0,0,0.000678046,0,0,0,0,0,0,0,0,0,0,0,0,0,0,0,0,0,0,0,0,0,0,0,0,0,0,0,0,0,0,0,0,0,0,0,0,0,0,0,0,0,0,0,0,0,0,0,0,0,0,0,0,PDA-BC
0,0.012147393,0.017574952,0.067789255,0.02820796,0,0,0,0.004007106,0,0.0003323,0,0,0,0.001439965,0.000127604,0,0,0,0,0,0,0,0,0,0,0,0,0,0,0,0,0,0,0,0,0,0,0,0,0,0,0,0,0,0,0,0,0.474117485,0.0606329,0.123219918,0.070843622,0.044512827,0.001144587,0,0.020542672,0.001547071,0.01389707,0.000287109,0,0,0.00357291,0,0.001392619,0,0,0.005279598,0,0,0,0,0,0,0,0,0,0,0,0,0,0,0,0,0,0,0,0,0.000446614,0,0,0,0,0,0,0,0,0,0,0,0,0,0,0,0,0,0,0,0,0,0,0,0,0,0,0,0.000797524,0,0,0,0,0,0,0,0,0,0,0,0,0,0,0,0,0,0,0,0,0,0,0,0,0,0,0,0,0,0,0.042690549,0.00344839,0,0,0,0,0,0,0,0,0,0,0,0,0,0,0,0,0,0,0,0,0,0,0,0,0,0,0,0,0,0,0,0,0,0,0,0,0,0,0,0,0,0,0,0,0,0,0,0,0,0,0,0,0,0,0,0,0,RA-BC
0,0.077544347,0.026940154,0.075543315,0.003789865,0.038335172,0,0,0.009523024,0,0.005327694,0,0.000525178,0,0,0,0.000321581,0,0.000345925,0,0,0,0,0,0,0,0,0,0,0,0,0,0,0,0,0,0,0,0,0,0,0,0,0,0,0,0,0,0.233428651,0.064654501,0.033946215,0.000672397,0.000895279,0,0,0.060245326,0.017003082,0,0,0,0,0.000175408,0,0,0,0,0,0,0,0,0,0,0,0,0,0,0,0,0,0,0,0,0,0,0,0,0,0,0,0,0,0,0,0,0,0,0,0,0,0,0,0,0,0,0,0,0,0,0,0,0,0,0,0,0,0.001227855,0,0,0,0,0,0,0,0,0,0,0,0,0,0,0,0,0,0,0,0,0,0,0,0,0,0,0,0,0,0,0.315875524,0.03293206,0.000308928,0,0,0,0,0,0,0,0.00038005,5.84693E-05,0,0,0,0,0,0,0,0,0,0,0,0,0,0,0,0,0,0,0,0,0,0,0,0,0,0,0,0,0,0,0,0,0,0,0,0,0,0,0,0,0,0,0,0,0,0,0,RH-BC
0,0.000377074,0.151351665,0.023848576,0.002934503,0.004385997,0,0,0,0,0,0,0,0,0,0,0,0,0,0,0,0.00020304,0,0,0,0,0,0,0,0,0,0,0,0,0,0,0,0,0,0,0,0,0,0,0,0,0,0,0.317209714,0,0,0.001925412,0.00889509,0.008768032,0,0,0.000580114,0,0,0,0,0,0,0.000355461,0,0,0,0,0,0,0,0,0,0,0,0,0,0,0,0,0,0,0,0,0,0,0,0.000959274,0,0,0,0,0,0,0,0,0,0,0,0,0,0,0,0,0,0,0,0,0,0,0,0,0,0,0,0.043341763,0,0,0,0,0,0,0,0,0,0,0,0,0,0,0,0,0,0,0,0,0,0,0,0,0,0,0,0,0,0,0.434019597,0.000148109,0.000203482,0,0,0,0,0,0,0,0,0,0,0,0,0,0,0.000493097,0,0,0,0,0,0,0,0,0,0,0,0,0,0,0,0,0,0,0,0,0,0,0,0,0,0,0,0,0,0,0,0,0,0,0,0,0,0,0,0,0,RZ1-BC
0,0.038896747,0.028995757,0.132113714,0.00330033,0.000412541,0,0.000117869,0.00032414,0,0.000972419,5.89343E-05,0.000383074,0,0.000618812,0,0,0,0,0,0,0,0,0,0,0,0,0,0,0,0,0,0,0,0,0.000265205,0,0,0,0,0.000147336,0,0,0,0,0,0,0,0.310970083,0.013613861,0.02831801,0.000176803,0.002858322,0.000206271,0.008604432,0.001443894,0.009016973,0.000353607,0.001355493,0,0,0,0,0,0,0,0.000176803,0,0,0,0,0,0,0,0,0.000294672,0,0,0,0,0,0,0,0,0,0,0,0,0,0,0,0,0,0,0,0,0,8.84017E-05,0,0,0,0,0,0,0,0,0,0,0,0.000147336,0,0,0,0,0,0.037992667,8.84017E-05,0,0,0,0,0,0.000147336,0,0,0,0,0,0,0,0,0,0,0,0,0,0,0,0,0,0,8.84017E-05,0,0.000176803,0,0,0.373296474,0.000117869,0,0,0,0,0,0,0.000117869,0,0.000972419,0,0,0,0,0,0,0.000265205,0,0,0,0.002504715,0,0,0,0,0,0,0,0,0,0,0,0,0,0,0,0,0,0,0,0,0,0,0,0,0,0,0,0,0,0,0,0,0,0,0,0,0,RZ2-BC
0,0.000190956,0,0.001886502,0,0.0001155,0,0,0,0,0,0,0,0,0,0,0,0,0,0,0,0,0,0,0,0,0,0,0,0,0,0,0,0,0,0,0,0,0,0,0,0,0,0,0,0,0,0,0.204357432,0.071949434,0.000954782,0.435710742,0,0,0.274006944,7.63827E-05,0.007297407,0,0,0,0,0,0,0,0,0,0,0,0,0,0,0,0,0,0,0.003103373,0,0,0,0,0,0,0,0,0,0,0.000350545,0,0,0,0,0,0,0,0,0,0,0,0,0,0,0,0,0,0,0,0,0,0,0,0,0,0,0,0,0,0,0,0,0,0,0,0,0,0,0,0,0,0,0,0,0,0,0,0,0,0,0,0,0,0,0,0,0,0,0,0,0,0,0,0,0,0,0,0,0,0,0,0,0,0,0,0,0,0,0,0,0,0,0,0,0,0,0,0,0,0,0,0,0,0,0,0,0,0,0,0,0,0,0,0,0,0,0,0,0,0,0,0,0,0,0,0,0,0,SA-BC
0,0,0,0,0,0,0,0,0,0.000239071,0,0,0,0,0,0,0,0,0,0,0,0,0,0,0,0,0,0,0,0,0,0,0,0,0,0,0,0,0,0,0,0,0,0,0,0,0,0,0.363199879,0.022972494,0.000717213,0.205725919,0,0,0.392590421,0,0.011664712,0,0.000636193,0,0,0,0,0,0,0.000375683,0,0,0,0,0,0,0,0,0,0,0,0,0,0,0,0,0,0,0,0,0,0,0,0,0,0,0,0,0,0,0,0,0,0,0,0,0,0,0,0,0,0,0,0,0,0,0,0,0,0,0,0,0,0,0,0,0,0,0,0,0,0,0,0,0,0,0,0,0,0,0,0,0,0,0,0,0,0,0,0,0.001878415,0,0,0,0,0,0,0,0,0,0,0,0,0,0,0,0,0,0,0,0,0,0,0,0,0,0,0,0,0,0,0,0,0,0,0,0,0,0,0,0,0,0,0,0,0,0,0,0,0,0,0,0,0,0,0,0,0,0,SSM-BC
0,0.00104703,0.000303767,0.000967788,0.00037127,0.00037127,0,0,0,0,0,0,0,0,0,0,0,0,0,0,0,0,0,0,0,0,0,0,0,0,0,0,0,0,0,0,0,0,0,0,0,0,0,0,0,0,0,0,0.01158413,0.000321781,0.003705214,0.31766258,0.013872013,0.00617659,0.618721484,0.00037127,0.019696092,0,0,0,0,0,0,0,0,0,0,0,0,0,0,0,0,0,0,0.004657756,0,0,0,0,0,0,0,0,0,0,0,0,0,0,0,0,0,0,0,0,0,0,0,0,0,0,0,0,0,0,0,0,0,0,0,0,0,0,0,0,0,0,0,0,0,0,0,0,0,0,0,0,0,0,0,0,0,0,0,0,0,0,0,0,0,0,0,0,0,0,0.000169964,0,0,0,0,0,0,0,0,0,0,0,0,0,0,0,0,0,0,0,0,0,0,0,0,0,0,0,0,0,0,0,0,0,0,0,0,0,0,0,0,0,0,0,0,0,0,0,0,0,0,0,0,0,0,0,0,0,0,SSTY-BC
0,0.134560225,0.057033765,0.037391753,0.002270583,0.0120794,0,0,0.000576533,0,0.021746538,0.000386776,8.94933E-05,0.000914131,8.84643E-05,0,0,0,0,0,0,0,0,0,0,0,0,0,0,0,0,0,0,0,0,0,0,0,0,0,0,0,0,0,0,0,0,0,0.005297161,0,0.002804129,0.32119875,0.004507654,0.001528143,0.000471809,0,0,0,0,0,0,0,0,0,0,0,0,0,0,0,0,0,0,0,0,0,0,0,0,0,0,0,0,0,0,0,0,0,0,0,0,0,0,0,0,0,0,0,0,0,0,0,0,0,0,0,0,0,0,0,0,0,0,0,0,0.036692321,0,0,0,0,0,0,0,0,0,0,0,0,0,0,0,0,0,0,0,0,0,0,0,0,0,0,0,0,0,0,0.359110492,0,0.000119325,0,0,0,0,0,0,0,0,0,0,0,0.000328143,0,0,0.000804412,0,0,0,0,0,0,0,0,0,0,0,0,0,0,0,0,0,0,0,0,0,0,0,0,0,0,0,0,0,0,0,0,0,0,0,0,0,0,0,0,0,CMCA-BC
0,0.086007118,0.050596975,0.002580762,0.004357038,0.004036172,0,0,0.004551307,0,0.003133002,0,0.000117526,0,0,0,0,0,0,0,0,0.00020359,0,0,0,0,0,0,0,0,0,0,0,0,0,0,0,0,0,0,0,0,0,0,0,0,0,0,0.186947972,0.012233279,0.004315838,0.144585541,0.009117179,0.011441316,0.002677298,0.029939768,0.021030925,0.002415904,0,0,0,0,0,0,0,0,0,0,0,0,0,0,0,0,0,0.000521376,0,0,0,0,0,0,0,0,0,0,0,0,0,0,0,0,0,0,0,0,0,0,0,0,0,0,0,0,0,0,0,0,0,0,0,0,0,0,0,0.006318193,0,0,0,0,0,0,0,0,0,0,0,0,0,0,0,0,0,0,0,0,0,0,0,0,0,0,0,0,0,0,0.412871919,0,0,0,0,0,0,0,0,0,0,0,0,0,0,0,0,0,0,0,0,0,0,0,0,0,0,0,0,0,0,0,0,0,0,0,0,0,0,0,0,0,0,0,0,0,0,0,0,0,0,0,0,0,0,0,0,0,0,SLA-BC
0,0.189381485,0.111593685,0.017291094,0.006155666,0.031633097,0,0,0.000594623,0,0.010288056,0,0.000351062,0.000794407,0.000555848,0,0,0,0.000178891,0,0,0,0,0,0,0,0,0,0,0,0,0,0,0,0,0,0,0,0,0,0,0,0,0,0,0,0,0,0.004502087,0.001495533,0.013422252,0.276058438,0.019148369,0.007480378,0,0.000117021,0.003952942,0.001170635,0,0,0,0,0,0,0,0,0,0,0,0,0,0,0,0,0,0,0,0,0,0,0,0,0,0,0,0,0,0,0,0,0,0,0,0,0,0,0,0,0,0,0,0,0,0,0,0,0,0,0,0,0,0,0,0,0,0.000568454,0,0,0,0,0,0,0,0,0,0,0,0,0,0,0,0,0,0,0,0,0,0,0,0,0,0,0,0,0,0,0.302639859,0,0,0,0,0,0.000626118,0,0,0,0,0,0,0,0,0,0,0,0,0,0,0,0,0,0,0,0,0,0,0,0,0,0,0,0,0,0,0,0,0,0,0,0,0,0,0,0,0,0,0,0,0,0,0,0,0,0,0,0,SEAB-BC
0,0.263699554,0.069093499,0.024859974,0.013356361,0.051495704,0,0,0.000157411,0,0.00895756,0.000125929,0.000235011,0,0,0,0,0,0.000755572,0,0,0,0,0,0,0,0,0,0,0,0,0,0,0,0,0,0,0,0,0,0,0,0,0,0,0,0,0,0.005698275,0.001521164,0,0.202776728,0.04701591,0.014768598,0,0,0.000793651,0.000912983,0.000628307,0,0,0.01775595,0,0,0,0,0,0,0,0,0,0,0,0,0,0,0,0,0,0,0.007696601,0,0,0,0,0,0,0,0,0,0,0,0,0,0,0,0,0,0,0,0,0,0,0,0,0,0,0,0,0,0,0,0,0,0,0.001255961,0,0,0,0,0,0,0,0,0,0,0,0,0,0,0,0,0,0,0,0,0,0,0,0,0,0,0,0,0,0,0.26086695,0,0,0,0,0,0.005572346,0,0,0,0,0,0,0,0,0,0,0,0,0,0,0,0,0,0,0,0,0,0,0,0,0,0,0,0,0,0,0,0,0,0,0,0,0,0,0,0,0,0,0,0,0,0,0,0,0,0,0,0,SEAR-BC
0,0.003093786,0.244291228,0.055928095,0.038118708,0.022799381,0,0,0.000471434,0,8.79893E-05,0.000175979,0.000677686,0,0.000471434,0,0,0,0,0,0,0,0,0,0,0,0,0,0,0,0,0,0,0,0,0,0,0,0,0,0,0,0,0,0,0,0,0,0.168686025,0,0,0.102708725,0.000425855,0,0,0.038646334,0.03195462,0,0,0,0,0,0,0,0,0,0,0,0,0,0,0,0,0,0,0,0,0,0,0,0,0,0,0,0,0,0,0,0,0,0,0,0,0,0,0,0,0,0,0,0,0,0,0,0,0,0,0,0,0,0,0,0,0,0,0.009590849,0,0,0,0,0,0,0,0,0,0,0,0,0,0,0,0,0,0,0,0,0,0,0,0,0,0,0,0,0,0,0.254045589,0.00609289,0.019856284,0,0,0,0,0,0,0,0.00161314,0,0,0,0.000263968,0,0,0,0,0,0,0,0,0,0,0,0,0,0,0,0,0,0,0,0,0,0,0,0,0,0,0,0,0,0,0,0,0,0,0,0,0,0,0,0,0,0,0,0,SCA-BC
0,0.068823353,0.030902014,0.04436169,0.016438164,0.005116565,0,0,0.000791504,0,0.000944805,0,0,0.000274298,0,0,0,0,0,0,0,0,0,0,0,0,0,0,0,0,0,0,0,0,0,0,0,0,0,0,0,0,0,0,0,0,0,0,0.171232988,0.003718265,0,0.03654516,0.09387528,0.110808746,0,0.031560159,0.011765024,0.000482339,0.000593648,0,0,0.000296824,0,0.002374592,0,0,0,0,0,0,0,0,0,0,0,0,0,0,0,0,0,0,0,0,0,0,0,0,0,0,0,0,0,0,0,0,0,0,0,0,0,0,0,0,0,0,0,0,0,0,0,0,0,0,0,0.005251495,0,0,0,0,0,0,0,0,0,0,0,0,0,0,0,0,0,0,0,0,0,0,0,0,0,0,0,0,0,0,0.363843085,0,0,0,0,0,0,0,0,0,0,0,0,0,0,0,0,0,0,0,0,0,0,0,0,0,0,0,0,0,0,0,0,0,0,0,0,0,0,0,0,0,0,0,0,0,0,0,0,0,0,0,0,0,0,0,0,0,0,SGCY-BC
0,0.019803796,0.014577794,0.0021519,0.002322667,0.00042786,0.000275053,0.001986492,0.00042786,0,0.000794597,0,0.000244491,0.000122246,0,0,0,0,0,0,0,0,0,0,0,0,0,0,0,0,0,0,0,0,0,0,0,0,0,0,0,0,0,0,0,0,0,0,0.611244003,0.007760665,0.004461966,0.002567159,0.002261545,0,0.247123629,0.001283579,0.024907665,0,6.11227E-05,0,0,0,0,0,0,0,0,0,0,0,0,0,0,0,0,0.000305614,0,0,0,0,0,0,0,0,0,0,0,0,0,0,0,0,0,0,0,0,0,9.16843E-05,0,0,0,0,0,0,0,0,0,0,0,0,0,0,0,0,0,0,0,0,0,0,0,0,0,0,0,0,0,0,0,0,0,0,0,0,0,0,0.000152807,0,0,0,0,0,0,0,0,0,0.053726964,0,0.00021393,0,0,0,0,0,9.16843E-05,0,0,0,0,0,0,0,0,0,0,0,0,0,0,0,0,0,0,0,0,0,0,0.000275053,0,0,0,0.000275053,0,0,0,0,0,0,0,0,0,0,0,0,0,0,0,0,0,0,6.11227E-05,0,0,0,0,SNA-BC
0,0.059101617,0.007543358,0.006838861,0.0029722,0.011109544,0,0,0.012925609,0,0.004028209,0,0,0,6.31133E-05,0,0,0,0,0,0,0,0,0,0,0,0,0,0,0,0,0,0,0,0,0,0,0,0,0,0,0,0,0,0,0,0,0,0.28880107,0.08950896,0.243375698,0,0.027052375,0.010904065,0,0,0.008958233,0.014481573,0,0,0,0.002518249,0,0.002071977,0,0,0.002095118,0,0,0,0,0,0,0,0,0,0,0,0,0,0,0,0,0,0,0,0,0,0,0,0,0,0,0,0,0,0,0,0,0,0,0,0,0,0,0,0,0,0,0,0,0,0,0,0,0.017299692,0,0,0,0,0,0,0,0,0,0,0,0,0,0,0,0,0,0,0,0,0,0,0,0,0,0,0,0,0,0,0.166512384,0,0.018378451,0,0,0,0.003123904,0,0,0,0.000209512,0.000126227,0,0,0,0,0,0,0,0,0,0,0,0,0,0,0,0,0,0,0,0,0,0,0,0,0,0,0,0,0,0,0,0,0,0,0,0,0,0,0,0,0,0,0,0,0,0,0,STA-BC
0,0.104614908,0.081986365,0.04969368,0.014758153,0.003819123,0,0,0.000396136,0,0.015631183,0,0.000547485,0,0.000334336,0,0,0,0,0,0,0.000182365,0,0,0,0,0,0,0,0,0,0,0,0,0,0,0,0,0,0,0,0,0,0,0,0,0,0,0.257904198,0.018036868,0.004898681,0,0.070272809,0.067833478,0,0.010842873,0.041401767,0.009446266,0,0,0,0.002537803,0,0,0,0,0,0,0,0,0,0,0,0,0,0,0.000458214,0,0,0,0,0,0,0,0,0,0,0,0.003169089,0,0,0,0,0,0,0,0,0,0,0,0,0,0,0,0,0,0,0,0,0,0,0,0,0,0,0.032570535,0.000942221,0,0,0,0,0,0,0,0,0,0,0,0,0,0,0,0,0,0,0,0,0,0,0,0,0,0,0,0,0,0.207580474,0,0,0,0,0,0.000140989,0,0,0,0,0,0,0,0,0,0,0,0,0,0,0,0,0,0,0,0,0,0,0,0,0,0,0,0,0,0,0,0,0,0,0,0,0,0,0,0,0,0,0,0,0,0,0,0,0,0,0,0,STBG-BC
0,0.172702389,0.089016246,0.046714211,0.009975735,0.041653259,0,0,0.001658954,0,0.006732139,0,0,0.000074438,0.000119829,0,0.00019006,0,0.000221737,0,0,0,0,0,0,0,0,0,0,0,0,0,0,0,0,0,0,0,0,0,0,0,0,0,0,0,0,0,0.181000348,0.037862801,0.014999256,0,0.009820123,0.016218442,0,0.020561255,0.007120639,0,0,0,0,0,0,0,0,0,0,0,0,0,0,0,0,0,0,0,0.00047515,0,0,0,0,0,0,0,0,0,0,0,0,0,0,0,0,0,0,0,0,0,0,0,0,0,0,0,0,0,0,0,0,0,0,0,0,0,0,0.003035648,0.005359536,0,0,0,0,0,0,0,0,0.000111657,0,0,0,0,0,0,0,0,0,0,0,0,0,0,0,0,0,0,0,0,0.311757447,0,0,0,0,0,0.022395388,0,0,0,0,0.000223314,0,0,0,0,0,0,0,0,0,0,0,0,0,0,0,0,0,0,0,0,0,0,0,0,0,0,0,0,0,0,0,0,0,0,0,0,0,0,0,0,0,0,0,0,0,0,0,T5-BC
0,0.015178949,0.010561893,0.055812676,0.001267427,0.000120707,0,0,0,0,0.001327781,0,0,0,0,0,0,0,0,0,0,0,0,0,0,0,0,0,0,0,0,0,0,0,0,0,0,0,0,0,0,0,0,0,0,0,0,0,0.277792249,0.001176897,0.00123725,0,0.000513006,0,0.012674271,0.000211238,0.000603537,0,0,0,0,0,0,0,0,0,0,0,0,0,0,0,0,0,0,0,0,0,0,0,0,0,0,0,0,0,0,0,0,0,0,0,0,0,0,0,0,0,0,0,0,0,0,0,0,0,0,0,0,0,0,0,0,0,0,0.013452098,0,0,0,0,0,0,0,0,0,0,0,0,0,0,0,0,0,0,0,0,0,0,0,0,0,0,0,0,0,0,0.608070022,0,0,0,0,0,0,0,0,0,0,0,0,0,0,0,0,0,0,0,0,0,0,0,0,0,0,0,0,0,0,0,0,0,0,0,0,0,0,0,0,0,0,0,0,0,0,0,0,0,0,0,0,0,0,0,0,0,0,TP-BC
0,0.090297205,0.034998326,0.016215719,0.019545713,0.005903633,0,0,0.000361631,0,0.01366737,0,0.001445677,0.001295844,0.000630631,0,0,0,0,0,0,0,0,0,0,0,0,0,0,0,0,0,0,0,0,0,0,0,0,0,0,0,0,0,0,0,0,0,0.228226341,0.001051051,0.015135135,0.096030998,0.125273549,0.023001001,0,0.000120544,0.03720996,0,0,0,0,0,0,0,0,0,0,0,0,0,0,0,0,0,0,0,0,0,0,0,0,0,0,0,0,0,0,0,0,0,0,0,0,0,0,0,0,0,0,0,0,0,0,0,0,0,0,0,0,0,0,0,0,0,0,0.020459638,6.02717E-05,0,0,0,0,0,0,0,0,0,0,0,0,0,0,0,0,0,0,0,0,0,0,0,0,0,0,0,0,0,0.269069761,0,0,0,0,0,0,0,0,0,0,0,0,0,0,0,0,0,0,0,0,0,0,0,0,0,0,0,0,0,0,0,0,0,0,0,0,0,0,0,0,0,0,0,0,0,0,0,0,0,0,0,0,0,0,0,0,0,0,TGY-BC
0,0.103529928,0.031636491,0.009185139,0.013199999,0.003295791,0,0,0.001436782,0,0.001680378,0,0.00111024,0,0,0,0,0,0,0,0,0,0,0,0,0,0,0,0,0,0,0,0,0,0,0,0,0,0,0,0,0,0,0,0,0,0,0,0.288493669,0.028569218,0.164063725,0.069132839,0.019752095,0.0037519,0.000160426,0.000770045,0.001741136,0.000380084,0.003461338,0,0,0.000190042,0,0,0,0,0,0,0,0,0,0,0,0,0,0.000424504,0,0,0,0,0,0,0,0,0,0,0,0,0,0,0,0,0,0,0,0,0,0,0,0,0,0,0,0,0,0,0,0,0,0,0,0,0,0,0,0,0,0,0,0,0,0,0,0,0,0,0,0,0,0,0,0,0,0,0,0,0,0,0,0,0,0,0,0,0,0,0.252858684,0,0.001175549,0,0,0,0,0,0,0,0,0,0,0,0,0,0,0,0,0,0,0,0,0,0,0,0,0,0,0,0,0,0,0,0,0,0,0,0,0,0,0,0,0,0,0,0,0,0,0,0,0,0,0,0,0,0,0,0,TCN-BC
0,0.107664056,0.055651416,0.004361103,0.052524821,0.009177554,0,0,0.003242103,0,0.005434464,0,0,0,0,0,0,0,0,0,0,0,0,0,0,0,0,0,0,0,0,0,0,0,0,0,0,0,0,0,0,0,0,0,0,0,0,0,0.175423066,0.13082434,0.08381003,0.147773254,0.016406163,0.000378692,0.000883615,0.00307422,0.013222149,0,0.000462846,0,0,0,0,0,0,0,0.002145923,0,0,0,0,0,0,0,0,0.000294538,0,0,0,0,0,0,0,0,0,0,0,0,0,0,0,0,0,0,0,0,0,0,0,0,0,0,0,0,0,0,0,0,0,0,0,0,0,0,0,0.000168308,0,0,0,0.004333922,0,0.002735,0.000294538,0,0,0,0,0,0,0,0,0,0,0,0.000168308,0,0,0,0,0,0,0,0,0,0,0,0.150637958,0.022962154,0.003668351,0,0,0,0.000436681,0,0,0,0.000168308,0,0,0,7.31957E-05,0,0,0,0,0,0,0,0,0,0,0,0,0,0.001051923,0,0,0,0,0,0,0,0,0,0,0.000462846,0,0,0,0,0,0,0,0,0,0,0,0,0,0,0,0,0,0,8.41537E-05,YGCP-BC
0,0.218060038,0.091678609,0.025071343,0.007974698,0.078782353,0,0,0.001565757,0,0.007705517,0.001352016,0,0.000507646,0.000190367,0,0.000307276,0,0.00064528,0,0,0,0,0,0,0,0,0,0,0,0,0,0,0,0,0,0,0.000126912,0,0,0,0,0,0,0,0,0,0,0.124414485,0.039842503,0.002013047,0.000122234,0.022264906,0,0,0,0.081988126,0,0,0,0,0,0,0,0,0,0,0,0,0,0,0,0,0,0,0,0,0,0,0,0,0,0,0,0,0,0,0,0,0,0,0,0,0,0,0,0,0,0,0,0,0,0,0,0,0,0,0,0,0,0,0,0,0,0,0.040154015,0,0,0,0,0,0,0,0,0,0,0,0,0,6.11173E-05,0,0,0,0,0,0,0,0,0,0,0,0,0,0,0,0,0.246055426,0.001505654,0.001459483,0,0,0,0.001413471,0,0,0,0.004486234,0.000251485,0,0,0,0,0,0,0,0,0,0,0,0,0,0,0,0,0,0,0,0,0,0,0,0,0,0,0,0,0,0,0,0,0,0,0,0,0,0,0,0,0,0,0,0,0,0,0,YMG-BC
0,0.047137663,0.04306941,0.011690289,0.021891134,0,0,0,0.00016536,0,9.92163E-05,0,0,0,0.000120576,0,0,0,0,0,0,0,0,0,0,0,0,0,0,0,0,0,0,0,0,0,0,0,0,0,0,0,0,0,0,0,0,0,0.027548066,0,0.003104841,0.209607485,0.286590586,0.039497815,0,0.000572738,0.272040734,0.000722653,0,0,0,0,0,0,0,0,0,0,0,0,0,0,0,0,0,0,0,0,0,0.00015072,0,0,0,0,0,0,0,0,0,0,0,0,0,0,0,0,0,0,0,0,0,0,0,0,0,0,0,0,0,0,0,0,0,0,0,0.000496081,0,0,0,0,0,0,0,0,0,0,0,0,0,0,0,0,0,0,0,0,0,0,0,0,0,0,0,0,0,0,0.035494633,0,0,0,0,0,0,0,0,0,0,0,0,0,0,0,0,0,0,0,0,0,0,0,0,0,0,0,0,0,0,0,0,0,0,0,0,0,0,0,0,0,0,0,0,0,0,0,0,0,0,0,0,0,0,0,0,0,0,1×TSA-BC
0,0.094808677,0.036647996,0.023882125,0.003371502,0.027395822,0,0,0.005605256,0,0.012977555,0,0,0.000250274,0,0,0,0,0,0,0,0,0,0,0,0,0,0,0,0,0,0,0,0,0,0,0,0,0,0,0,0,0,0,0,0,0,0,0.247343958,0.014089194,0.074974917,0.018437494,0.029299998,0.007092841,0,0,0.00604783,0,0,0.000406695,0,0,0,0.000211276,0,0,0,0,0,0,0,0,0,0,0,0.006730653,0.002293855,0,0,0,0,0,0,0,0,0,0,0.000519931,0,0,0,0,0,0,0,0,0,0,0,0,0,0,0,0,0,0,0,0,0,0,0,0,0,0,0,0.013039148,0,0,0,0,0,0,0,0,0,0,0,0,0,0,0,0,0,0,0,0,0,0,0,0,0,0,0,0,0,0,0.364745575,0,0.002411664,0,0,0,0.00721357,0,0,0,0,0.000202195,0,0,0,0,0,0,0,0,0,0,0,0,0,0,0,0,0,0,0,0,0,0,0,0,0,0,0,0,0,0,0,0,0,0,0,0,0,0,0,0,0,0,0,0,0,0,0,0.1×TSA-BC
0,0.028488983,0.01196382,0.045423641,0.005492399,0.013030406,0,0,0.009378329,0,0.015703816,0,0,0.000123092,0,0,0,0,0,0,0,0,0,0,0,0,0,0,0,0,0,0,0,0,0,0,0,0,0,0,0,0,0,0,0,0,0,0,0.240764064,0.146786877,0.014196619,0,0.003570682,0.002625418,0.000410307,0.010585342,0.002687238,0.006687058,0,0,0,0.003088641,0,0.001349406,0,0,0,0,0,0,0,0,0,0,0,0,0,0.001019551,0,0,0,0.002039103,0,0,0,0,0,0,0,0,0,0,0,0,0,0,0,0,0,0,0,0,0,0,0,0,0,0,0,0,0,0,0,0,0,0.002192012,0,0,0,0,0,0,0,0,0,0,0,0,0,0,0,0,0,0,0,0,0,0,0,0,0,0,0,0,0,0,0.385947733,0.002099076,0.035527917,0,0,0,0.002039103,0,0.003775312,0,0.001068865,0.001858843,0,0,7.63477E-05,0,0,0,0,0,0,0,0,0,0,0,0,0,0,0,0,0,0,0,0,0,0,0,0,0,0,0,0,0,0,0,0,0,0,0,0,0,0,0,0,0,0,0,0,0.01×TSA-BC
0,0.03087119,0.009079139,0.024783152,0.001819007,0.001383526,0,0,0.005953671,0,0.00903687,0,0.000315358,0,0,0,0,0,0,0,0,6.30717E-05,0,0,0,0,0,0,0,0,0,0,0,0,0,0,0,0,0,0,0,0,0,0,0,0,0,0,0.102512523,0.01360332,0.31173386,0.208608647,0.044076146,0.125170789,0.00037843,0.003229823,0.022499913,0.000543478,0.021666667,0,0,0.002536232,0,0,0,0,0,0,0,0,0,0,0,0,0,0,0,0,0,0,0,0,0,0,0,0,0,0,0,0,0,0,0,0,0,0,0,0,0,0,0,0,0,0,0,0,0,0,0,0,0,0,0,0,0,0.002141929,0,0,0,0,0,0,0,0,0,0,0,0,0,0,0,0,0,0,0,0,0,0,0,0,0,0,0,0,0,0,0.056079679,0,0.000210682,0,0,0,0.001702899,0,0,0,0,0,0,0,0,0,0,0,0,0,0,0,0,0,0,0,0,0,0,0,0,0,0,0,0,0,0,0,0,0,0,0,0,0,0,0,0,0,0,0,0,0,0,0,0,0,0,0,0,1×NA-BC
0,0.043940555,0.005226385,0.11651289,0.001667526,0.005612643,0,0,0.00786009,0,0.011245139,0,0,0,0.000374237,0,0.000569082,0,0,0,0,0,0,0,0,0,0,0,0,0,0,0,0,0,0,0,0,0,0,0,0,0,0,0,0,0,0,0,0.186726046,0.157943385,0.070646333,0,0.004230722,0,0.000112271,0.012532022,0,0.009295129,0,0,0,0.004180439,0,0.003661935,0,0,0,0,0,0,0,0,0,0,0,0,0.005394494,0,0,0,0,0.00268974,0,0,0,0,0,0,0,0,0,0,0,0,0,0,0,0,0,0,0,0,0,0,0,0,0,0,0,0,0,0,0,0,0,0.001947506,0.001459526,0,0,0,0,0,0,0,0,0,0,0,0,0,0,0,0,0,0,0,0,0,0,0,0,0,0,0,0,0,0.32733478,0.002704754,0.005027429,0,0,0,0.001199041,0,0.000221307,0,0.001991767,0.003368873,0.000221307,0,0.003837075,0,0,0.000265569,0,0,0,0,0,0,0,0,0,0,0,0,0,0,0,0,0,0,0,0,0,0,0,0,0,0,0,0,0,0,0,0,0,0,0,0,0,0,0,0,0,0.1×NA-BC
0,0.006353217,0.005968707,0.070892588,0.002984879,0.002375123,0,0,0.002136338,0,0.007171607,0,0,0,0,0,0,0,0,0,0,0,0,0,0,0,0,0,0,0,0,0,0,0,0,0,0,0,0,0,0,0,0,0,0,0,0,0,0.013067603,0.518548508,0,0,0,0,0,0.001793417,0.003398409,0.012447285,0,0,0,0.018322392,0,0.003442743,0,0,0,0,0,0,0,0,0,0,0,0,0,0.000253073,0,0,0,0,0,0,0,0,0,0,0,0,0,0,0,0,0,0,0,0,0,0,0,0,0,0,0,0,0,0,0,0,0,0,0,0,0,0.057723668,0,0,0,0,0,0,0,0,0,0,0,0,0,0,0,0,0,0.000180766,0,0,0,0,0,0,0,0,0,0,0,0,0.239019342,0.007012346,0.008726118,0,0,0,0,0.000723066,7.23067E-05,0.000180766,0,0.002744416,0.001193059,0,0.00856833,0,0,0.001048445,0,0,0,0,0,0,0,0,0.001120752,0.000397686,0,0.000867679,0,0,0,0,0,0.00010846,0.000506146,0,0,0,7.23067E-05,0.000289226,0,0,0,0,0,0.000180766,0,0,0,0.00010846,0,0,0,0,0,0,0,0.01×NA-BC
0,0.030556316,0.003975116,0.006178447,0.09020705,0.00564771,0,0,0.01188028,0,0.00766551,0,0,0,0,0,0,0,0,0,0,0,0,0,0,0,0,0,0,0,0,0,0,0,0,0,0,0,0,0,0,0,0,0,0,0,0,0,0.170433001,0.304480432,0.141181304,0.00077923,0.008441795,0.005272147,0,0.002228353,0,0.023496477,0.009511682,0,0,0.000495874,0,0,0,0,0.007093851,0.003612794,0,0,0,0,0,0.000318776,0,0,0,0,0,0,0.001633623,0,0,0,0,0,0,0,0,0,0,0,0,0,0,0,0,0,0,0,0,0,0,0,0,0,0,0,0,0,0,0,0,0,0,0.002662658,0,0,0,0,0,0,0,0,0,0,0,0,0,0,0,0,0,0,0,0,0,0,0,0,0,0,0,0,0,0,0.159568899,0.002196012,0,0,0,0,0,0,0,0,7.42557E-05,0,0,0,0.000408406,0,0,0,0,0,0,0,0,0,0,0,0,0,0,0,0,0,0,0,0,0,0,0,0,0,0,0,0,0,0,0,0,0,0,0,0,0,0,0,0,0,0,0,0,1×AIA-BC
0,0.049917649,0.042468803,0.027045738,0.005580649,0.004097783,0,0,0.005096956,0,0.016497037,0.001124151,0,0,0,0.000126695,0.00022483,0,0,0,0,0,0,0,0,0,0,0,0,0,0,0,0,0,0,0,0,0,0,0,0,0,0,0,0,0,0,0,0.01430211,0.348259275,0.008615229,0,0.003611143,0,0,0,0,0.02630882,0.003501957,0,0,0,0,0.017509785,0,0,0.000126695,0,0,0,0,0,0,0,0,0,0,0,0,0,0,0,0,0,0,0,0,0,0,0,0,0,0,0,0,0,0,0,0,0,0,0,0,0,0,0,0,0,0,0,0,0,0,0,0,0.006565641,0,0,0,0,0,0,0,0,0,0,0,0,0,0,0,0,0,0,0,0,0,0,0,0,0,0,0,0,0,0,0.348534661,0.03016721,0.028314631,0.000168926,0,0,0.000147141,0.000591241,0.001583229,0.000584559,0.000294282,0.001989137,0.002563065,0,0.002731991,0.000269796,0,0.001079185,0,0,0,0,0,0,0,0,0,0,0,0,0,0,0,0,0,0,0,0,0,0,0,0,0,0,0,0,0,0,0,0,0,0,0,0,0,0,0,0,0,0.1×AIA-BC
0,0.042086569,0.026034283,0.023224254,0.002155271,0.010871487,0,0,0.011709335,0,0.033438132,0,0,0,0.000137571,0,0.00041145,0,0,0,0,0,0,0,0,0,0,0,0,0,0,0,0,0,0,0,0,0,0,0,0,0,0,0,0,0,0,0,0.001564367,0.385521224,0.000779566,0,0,0,0.001513276,0.003309195,0.000229284,0.005495797,0,0,0,0,0,0.04442747,0,0,0.001559132,0,0,0,0,0,0,0,0,0,0,0,0,0,0,0,0,0,0,0,0,0,0,0,0,0,0,0,0,0,0,0,0,0,0,0,0,0,0,0,0,0,0,0,0,0,0,0,0,0.023378059,0,0,0,0,0,0,0,0,0,0,0,0,0,0,0,0,0,0,0,0,0,0,0,0,0,0,0,0,0,0,0.318906208,0.022071357,0.016574192,0,0,0,0.000232817,0.012564773,0.000845244,0.000268941,0.000229284,0.001166242,0.000922084,0,0.006376526,0,0,0.001112948,0,0,0,0,0,0.000883664,0,0,0,0,0,0,0,0,0,0,0,0,0,0,0,0,0,0,0,0,0,0,0,0,0,0,0,0,0,0,0,0,0,0,0,0.01×AIA-BC
0,0.172553135,0.053265325,0.031378345,0.003863025,0.030767647,0,0,0.000687653,0,0.009801938,0.002960885,0,0.000353888,0.000147453,0,0,0,0,0,0,0,0,0,0,0,0,0,0,0,0,0,0,0,0,0,0,0,0,0,0,0,0,0,0,0,0,0,0.181455509,0.011313698,0.044700436,0.000249338,0.047694515,0.018608629,0,0.07400637,0.000471851,0,0,0,0,0.01430575,0,0,0,0,0,0,0,0,0,0,0,0,0,0,0,0,0,0,0,0,0,0,0,0,0,0.000943702,0,0,0,0,0,0,0,0,0,0,0,0,0,0,0,0,0,0,0,0,0,0,0,0,0,0,0,0.008686933,0.00016284,0,0,0,0,0,0,0,0,0,0,0,0,0,0,0,0,0,0,0,0,0,0,0,0,0,0,0,0,0,0.290668459,0,0.000547501,0,0,0,0.000249338,0,0,0,0.000155836,0,0,0,0,0,0,0,0,0,0,0,0,0,0,0,0,0,0,0,0,0,0,0,0,0,0,0,0,0,0,0,0,0,0,0,0,0,0,0,0,0,0,0,0,0,0,0,0,1×R2A-BC
0,0.058398109,0.02890522,0.010483809,0.001928623,0.009696311,0,0,0.008175615,0,0.021995156,0,0,0.000155039,0,0,0,0,0,0,0,0,0,0,0,0,0,0,0,0,0,0,0,0,0,0,0,0,0,0,0,0,0,0,0,0,0,0,0.119635695,0.236665094,0.025813177,0,0.005753678,0.00147684,0,0.00122246,0.017249196,0.008414005,0,0,0,0.004674447,0,0.017853373,0,0,0,0,0,0,0,0,0,0,0,0,0,0.004583974,0,0,0,0,0,0,0,0,0,0,0,0,0,0,0,0,0,0,0,0,0,0,0,0,0,0,0,0,0,0,0,0,0,0,0,0,0,0.004360624,0,0,0,0,0,0,0,0,0,0,0,0,0,0,0,0,0,0,0,0,0,0,0,0,0,0,0,0,0,0,0.396367998,0.011882144,0.001876451,0,0,0,0.001115836,0,0,0,0,0.000755287,0,0,0,0,0,0.00056184,0,0,0,0,0,0,0,0,0,0,0,0,0,0,0,0,0,0,0,0,0,0,0,0,0,0,0,0,0,0,0,0,0,0,0,0,0,0,0,0,0,0.1×R2A-BC
0,0.022966977,0.003164822,0.046452622,0.002671488,0.008365845,0.002439662,0,0.008990439,0.000145218,0.015317708,0,0,0,0,0,0.000439535,0,0,0,0,0,0,0,0,0,0,0,0,0,0,0,0,0,0,0,0,0,0,0,0,0,0,0,0,0,0,0,0.027672639,0.346904759,0.002817229,0.000323197,0.000202899,0,0.000290436,0.001674747,0,0.000116174,0,0,0,0.001527839,0,0.017246952,0,0,0.000958439,0,0,0,0,0,0,0,0,0,0,0,0,0,0,0,0,0,0,0,0,0,0,0,0,0,0,0,0,0,0,0.000058763,0,0,0,0,0,0,0,0,0,0,0,0,0,0,0,0,0,0.014029682,0.000668003,0,0,0,0,0,0,0,0,0,0,0,0,0,0,0,0,0,0,0,0,0,0,0,0,0,0,0,0,0,0.358967363,0.010547965,0.090456391,0,0,0,0,0.000232349,0.000376812,0,0.0030738,0.00507287,0.000463768,0,0.003913043,0,0,0.001449566,0,0,0,0,0,0,0,0,0,0,0,0,0,0,0,0,0,0,0,0,0,0,0,0,0,0,0,0,0,0,0,0,0,0,0,0,0,0,0,0,0,0.01×R2A-BC
0,0.004527611,0.000093032,0.000638589,0.012393417,0.007331156,0,0,0.002363869,0,0,0,0.003969777,0,0,0,0,0,0,0,0,0,0,0,0,0,0,0,0,0,0,0,0,0,0,0,0,0,0,0,0,0,0,0,0,0,0,0,0.436105154,0.042440727,0.015568714,0.323056522,0.000366337,0.002848922,0.01184761,0.000155111,0.004063051,0.007658406,0.004175707,0,0,0.000372266,0,0,0,0,0.001702087,0.004031926,0,0,0,0,0,0,0,0.000775266,0,0.001270543,0,0,0,0,0,0,0,0,0.001271909,0,0,0,0,0,0,0,0,0,0,0,0,0,0,0,0,0,0,0,0,0,0,0,0,0,0,0,0,0,0,0,0,0,0,0,0,0,0,0,0,0,0,0,0,0,0,0,0,0,0,0,0,0,0,0,0,0,0,0,0.081587435,0.02870237,0,0,0,0,0,0,0,0,0,0,0,0,0.000217155,0,0,0,0,0,0,0,0,0,0,0,0,0,0,0,0,0,0,0,0,0,0,0,0.000465333,0,0,0,0,0,0,0,0,0,0,0,0,0,0,0,0,0,0,0,0,1×MA-BC
0,0.027669911,0.010667612,0.009058567,0.079668208,0.00673689,0,0,0.004367282,0,0.006802731,0,0,0,0,0,0.000089214,0,0,0,0,0,0,0,0,0,0,0,0,0,0,0,0,0,0,0,0,0,0,0,0,0,0,0,0,0,0,0,0.085648871,0.304158367,0.025128165,0,0.001903233,0.001760655,0,0.004442461,0,0.041778778,0.023926263,0,0,0.025703122,0,0.00271239,0,0,0.011458983,0,0,0,0,0,0,0,0,0,0.005213589,0.000419775,0,0,0,0.002973801,0,0,0,0,0,0,0,0,0,0,0,0,0,0,0,0,0,0,0,0,0,0,0,0,0,0,0,0,0,0,0,0,0,0.002349303,0,0,0,0,0,0,0,0,0,0,0,0,0,0,0,0,0,0,0,0,0,0,0,0,0,0,0,0,0,0,0.256921059,0.021668534,0.020137558,0,0,0,0.001005215,0,0.000325868,0,0.006096292,0.001278166,0.000356856,0,0.000683633,0,0,0,0.006680483,0,0,0,0,0.000208166,0,0,0,0,0,0,0,0,0,0,0,0,0,0,0,0,0,0,0,0,0,0,0,0,0,0,0,0,0,0,0,0,0,0,0,0.1×MA-BC
0,0.007424602,0.015051174,0.063492796,0.000960172,0.005353279,0,0,0.006659423,0,0.016314,0,0,0,0.000200682,0,0.000616374,0,0,0,0,0,0,0,0,0,0,0,0,0,0,0,0.000295404,0,0,0,0,0,0,0,0,0,0,0,0,0,0,0,0.025540413,0.461915749,0.001404776,0,0.000118161,0,0,0.001966687,0.000361228,0.014690557,0.001494637,0,0,0.013012133,0,0.000410292,0,0,0.002200762,0,0,0,0,0,0,0,0,0,0,0,0,0,0,0,0,0,0,0,0,0,0,0,0,0,0,0,0,0,0,0,0,0,0,0,0,0,0,0,0,0,0,0,0,0,0,0,0,0.011612894,0,0,0,0,0,0,0,0,0,0,0,0,0,0,0,0,0,0,0,0,0,0,0,0,0,0,0,0,0,0,0.306145987,0.013275892,0.023567112,0,0,0,0,0,0,0,0,0.002694916,0.000236323,0,0.002304147,0,0,0.000384025,0.000295404,0,0,0,0,0,0,0,0,0,0,0,0,0,0,0,0,0,0,0,0,0,0,0,0,0,0,0,0,0,0,0,0,0,0,0,0,0,0,0,0,0.01×MA-BC
0,0.189207638,0.173472935,0.115257644,0.044755251,0.014211076,0.014836518,0.003454131,0.010644095,0.004729289,0,0,0.002356093,0.000717547,0.000587084,0,0,0.000179131,0,0,0,0,6.52317E-05,0,0,0,0,0,0,0,0,0,0,0,0,0,0,0.000068334,0,0,0,0,0,0,0,0,0,0,0,0,0.013154298,0,0.189267668,0.021572531,0,0.014240931,0.000119421,0,0,0.001674183,0,0,0,0,0,0,0,0,0,0,0,0,0,0,0,0,0,0,0,0,0,0,0,0,0,0,0,0,0,0,0,0,0.000424005,0,0,0,0,0,0,0,0,0,0,0,0,0,0,0,0,0,0,0,0,0,0,0,0.006833402,0,0,0,0,0,0,0,0,0,0,0,0,0,0,0,0,0,0,0,0,0,0,0,0,0,0,0,0,0,0.16493799,0,0,0.000750163,0,0,0,0.011787618,0.000130463,0,0,0.000228311,0,0,0,0,0,0,0,0,0,0,0,0,0.000239169,0,0,0,0,0,0,0,0,0,0,0,0,0,0,0,0,0,0,0,0,0,0,0,0,0,0,0,0,0,0,0,0,0,9.78473E-05,BEN-RC
0,0.083723311,0.007433425,0.008888305,0.034133736,0,0.021019256,0.006540005,0.040268742,0.085140876,0,0,0.009084922,0,0,0,0,0,0,0,0.000340179,0,0.001318195,0,0,0,0,0,0,0,0,0,0,0,0,0,0,0,0,0,0,0,0,0,0,0,0,0,0.001050834,0.001401112,0.267372386,0.057795875,0.183535563,0.084311764,0,0.066373107,0.00999266,0.000467747,0,0,0,0,0.01960284,0,0,0,0,0,0,0,0,0,0,0,0,0,0,0,0,0,0,0,0,0,0,0,0,0,0,0.001148106,0,0,0,0,0,0,0.000680359,0,0,0,0,0,0,0,0,0,0,0,0,0,0,0,0,0.000085045,0,0,0.000565558,0.002921057,0.000382702,0,0,0,0.000297657,0,0,0.000297657,0,0,0,0,0,0,0,0,0,0,0,0,0,0,0,0,0,0,0,0,0,0,0,0.000212612,0,0,0,0,0,0,0,0,0,0,0,0,0,0,0,0.002296211,0,0,0,0,0,0.000722881,0,0,0,0,0,0,0,0,0.000595314,0,0,0,0,0,0,0,0,0,0,0,0,0,0,0,0,0,0,0,0,0,0,0,0,BHI-RC
0,0.031771117,0.038413488,0.021855576,0.076741358,0.013285698,0.03001963,0.008815838,0.005562134,0.021960862,0,0.000186074,0,0.001658257,0,0,0,0.000334934,0,0,0,0,0,0,0,0,0,0,0,0,0,0,0,0,0,0,0,0,0,0,0,0,0,0,0,0,0,0,0.108146329,0.08522587,0.142985099,0.007889546,0.018346917,0.000334934,0,0.050936098,0.013025194,0.059345609,0,0.003949215,0,0,0,0,0.003163262,0,0,0,0,0,0,0,0,0,0,0,0,0,0,0,0,0,0,0,0,0,0,0,0,0,0.00026579,0,0,0,0,0,0,0,0,0,0,0,0,0,0,0,0,0,0,0,0,0,0,0,0,0,0.01387121,0.000293743,0.001077059,0,0,0,6.64473E-05,0,0,0,0,0,0.000166118,0,0,0,0,0,0,0,0,0,0,0,0,0,0,0,0,0,0.210870793,0.007108035,0,0.000398684,0.000326381,0.020765881,0,0,0,7.44297E-05,0,0,9.79143E-05,0,0,0,0,0,0,0.000664474,0,0,0,0,0,0,0,0,0,0,0,0,0,0,0,0,0,0,0,0,0,0,0,0,0,0,0,0,0,0,0,0,0,0,0,0,0,0,0,BRA-RC
0,0,0,0,0.000240002,0,0,0.294173376,0,0.030463129,0,0,0,0,0,0,0,0,0,0,0,0,0,0,0,0,0,0,0,0,0,0,0,0,0,0,0,0,0,0,0,0,0,0,0,0,0,0,0.253382579,0.029755071,0.000117848,0.268026165,0,0,0.005144269,0,0,0,0.002041467,0,0.001461331,0,0,0,0,0.00029462,0,0,0.053679807,0.006660456,0.032349302,0,0.0184689,0,0,0,0,0,0.003623829,0,0,0,0,0,0,0,0,0,0,0,0,0,0,0,0,0,0,0,0,0,0,0,0,0,0,0,0,0,0,0,0,0,0,0,0,0,0,0,0,0,0,0,0,0,0,0,0,0,0,0,0,0,0,0,0,0,0,0,0,0,0,0,0,0,0,0,0.000117848,0,0,0,0,0,0,0,0,0,0,0,0,0,0,0,0,0,0,0,0,0,0,0,0,0,0,0,0,0,0,0,0,0,0,0,0,0,0,0,0,0,0,0,0,0,0,0,0,0,0,0,0,0,0,0,0,0,0,CSA-RC
0,0.109470269,0.076904759,0.065677927,0.035521361,0.017197159,0.053888936,0.004627471,0.017985284,0.0038626,0.004391778,0.002660585,0.001223117,0.001390873,0.000673993,0,0.001172122,0,0,0,0,0,0,0.000263736,0.000058608,0.000240435,0,0.000101926,0,0,0.000237828,0,0,0,0,0,0,0,0,0,0,0,0,0,0,0,0,0,0.009797734,0.179028595,0,0.000180326,0.004147507,0.001262285,0,0.013755246,0,0.033963823,0,0.000509632,0,0.000390707,0,0,0,0,0,0,0,0,0,0,0,0,0,0,0,0,0,0,0,0,0,0,0,0,0,0,0,0,0,0,0,0,0,0,0,0,0,0,0,0,0,0,0,0,0,0,0,0,0,0,0,0,0,0.006915751,0.019705772,0.000305779,0,0,0,0,0,0,0,0,0,0,0,0,0,0,0,0,0,0,0,0,0,0,0,0,0,0,0,0,0.257199255,0.005049139,0.04728558,0.015723065,0.002443698,0,0,0,0.000937729,0.001262792,0,0.000441681,0.001210378,0,0,0.000087912,0.000413653,0,0,0,0,0,0,0,0,0,0,0,0,9.01633E-05,0.000205128,0,0,0,0,0,0,0.000135902,0,0,0,0,0,0,0,0,0,0,0,0,0,0,0,0,0,0,0,0,0,CHIA-RC
0,0.155678739,0.140308737,0.003973801,0.048432832,0.001464996,0.075977753,0.0060933,0.001081519,0.000258473,0.002100094,0,0.000420019,0,0.001680075,0,0,0,0,0,0.000226164,0,0,0,0,0,0,0,0,0,0,0,0,0,0,0,0,0,0,0,0,0,0,0,0,0,0,0,0.354798487,0.011867967,0.002707276,0,0,0,0,0.019647824,0.001538225,0.000997444,0,0,0,0,0,0,0,0,0,0,0,0,0,0,0,0,0,0,0,0,0,0,0,0,0,0,0,0,0,0,0,0,0,0,0,0,0,0,0,0,0,0,0,0,0,0,0,0,0,0,0,0,0,0,0,0,0,0,0,0,0,0,0,0,0.000193855,0,0,0,0,0,0,0,0,0,0,0,0,0,0,0,0,6.46183E-05,0,0,0,0,0,6.23403E-05,0.168467419,9.35103E-05,0.001541442,0,0,0,0,0,9.69273E-05,0,0,0,0.000161546,0,0,0,0,0,0,0,0,0,0,0,0,0,0,0,0,0,0,0,0,0,0,0,0,0,0,0,0,0,0,0,0,0,0,0,0,0,0,0,0,0,0,0,0,0,6.46183E-05,CZA-RC
0,0.053994542,0.100657751,0.018996355,0.040713409,0.002009259,0.075568991,0.002309896,0.001314677,0.005696163,0.000125207,0.000471209,0,0,0.002378554,0,0,0,0,0,0,0,0,0,0,0,0,0,0,0,0,0,0,0,0,0,0,0,0,0,0,0,0,0,0,6.26037E-05,0,0,0.125278799,0.197725104,0.009726762,0.000156509,0.001443696,0,0,0.056291706,0.002946165,0.003605665,0,0.001059883,0,0,0,0,0,0,0,0,0,0.000374076,0,0,0,0,0,0,0,0,0,0,0,0,0,0,0,0,0,9.39057E-05,0,0,0,0,0,0,0,0,0,0,0,0,0,0,0,0,0,0,0,0,0,0,0,0,0,0,6.26037E-05,0.006542085,0.011346987,0.000155865,0,0,0.000187038,0,0,0,0,0,0,0,0,0,0,0,0,0,0,0,0,0,0,0,0,0,0,0,0,0,0.107833177,0.006218503,0.132311347,0.00118947,0.001596394,0.003298464,0,0.001714517,0.002159827,0,0,0,0,0,0,0.005165477,0.011771091,0,0,0,0.003850127,0,0.00084515,0.000062346,0.000500829,0,0,0,0,0,0,0,0,0,0,0,0,0,0,0,0,0,0,0,0,0,0.000187811,0,0,0,0,0,0,0,0,0,0,0,0,GN1-RC
0,0.2688405,0.083054115,0.087767555,0.034326056,0.12626621,0.012305997,0.00618172,0.019347837,0.02525392,0,0.005438047,0.000990843,0.000888342,0.00670271,0,0.000663948,0.000790414,0,0.000154877,0,0,0,0,0,0,0,0,0,0,0,0,0,0,0,0,0,0,0,0,0,0,0,0,0,0,0,0,0.000884252,0.000126466,0.018856236,0.002244775,0.093012523,0.001133623,0,0.000221316,0,0,0,0.000193596,0,0,0,0,0.000347782,0,0,0,0,0,0,0,0,0,0,0,0,0,0,0,0,0,0,0,0,0,0,0,0,0,0,0,0,0,0,0,0,0,0,0,0,0,0,0,0,0,0,0,0,0,0,0,0,0,0,0,0.007279204,0,0,0,0,0,0,0,0,0,0,0,0,0,0,0,0,0,0,0,0,0,0,0,0,0,0,0,0,0,0.196403318,0,0,0.000102501,0,0,0,0,0,0.000221316,0,0,0,0,0,0,0,0,0,0,0,0,0,0,0,0,0,0,0,0,0,0,0,0,0,0,0,0,0,0,0,0,0,0,0,0,0,0,0,0,0,0,0,0,0,0,0,0,0,GYM-RC
0,0.064132735,0.128041747,0.066298987,0.064603453,0.021822437,0.024652282,0.022258444,0.024473322,0.006035458,0.000377216,0,0.001634603,0.002682426,0.000204768,0,0,0.001725903,0,0,0,0,0,0,0,0,0,0,0,0,0,0,0,0,0,0,0,0,0,0,0,0,0,0,0,0,0,0,0.21667398,0.004036858,0.076668999,0.003013017,0.083437272,0.002308752,0,0.041828753,0.001413165,0.020746888,0,0.021170989,0,0,0.000796345,0,0.000234021,0,0,0,0,0,0,0,0.000468042,0,0,0,0,0,0,0,0,0,0,0,0,0,0,0,0,0,0,0,0,0,0,0,0,0,0,0,0,0,0,0,0,0,0,0,0,0,0,0,0,0,0,0,0.00219476,0,0,0,0,0,0,0,0,0,0,0,0,0,0,0,0,0,0,0,0,0,0,0,0,0,0.000502955,0,0,0,0.094345949,0,0,0.000838258,0.000377216,0,0,0,0,0,0,0,0,0,0,0,0,0,0,0,0,0,0,0,0,0,0,0,0,0,0,0,0,0,0,0,0,0,0,0,0,0,0,0,0,0,0,0,0,0,0,0,0,0,0,0,0,0,0,GLA-RC
0,0.163659194,0.045023055,0.240673218,0.078178994,0.00009324,0.318696547,0,0.012984179,0.021027003,0.000600721,0,0.000133494,0,0,0,0,0.0001554,0,0,0.001935656,0,0,0,0,0,0,0,0,0,0,0,0,0,0,0,0,0,0,0,0,0,0,0,0,0,0,0,0,0,0.013681609,0,0,0,0,0.001336708,0,0.10048174,0,0.00036888,0,0,0,0,0,0,0,0.00043512,0,0,0,0,0,0,0,0,0,0,0,0,0,0,0,0,0,0,0,0,0,0,0,0,0,0,0,0,0,0,0,0,0,0,0,0,0,0,0,0,0,0,0,0,0,0,0,0,0,0,0,0,0,0,0,0,0,0,0,0,0,0,0,0,0,0,0,0,0,0,0,0,0,0,0,0,0,0,0.00010012,0,0,0,0,0,0,0,0,0,0,0,0,0,0,0,0,0,0,0,0,0,0,0,0,0,0,0,0,0,0,0,0,0,0,0,0,0,0,0,0,0,0,0,0,0,0,0,0,0,0,0,0,0,0,0,0,0,0.00043512,GGA-RC
0,0,0,0,0,0,0,0.262342184,0,0.000115513,0,0,0,0,0,0,0,0,0,0,0,0,0,0,0,0,0,0,0,0,0,0,0,0,0,0,0,0,0,0,0,0,0,0,0,0,0,0,0.511936172,0.006164888,0,0.07691793,0,0,0.017698819,0,0,0,0.00746987,0,0.015791763,0,0,0,0,0.069941789,0,0,0,0.022036783,0,0,0,0,0,0,0,0,0.009319692,0,0,0,0,0,0,0,0,0,0,0,0,0,0,0,0,0,0,0,0,0,0,0,0,0,0,0,0,0,0,0,0,0,0,0,0,0,0,0,0,0,0,0,0,0,0,0,0,0,0,0,0,0,0,0,0,0,0,0,0,0,0,0,0,0,0,0,0.000264597,0,0,0,0,0,0,0,0,0,0,0,0,0,0,0,0,0,0,0,0,0,0,0,0,0,0,0,0,0,0,0,0,0,0,0,0,0,0,0,0,0,0,0,0,0,0,0,0,0,0,0,0,0,0,0,0,0,0,HA-RC
0,0.094771554,0.17471006,0.021071774,0.097350869,0.010217948,0.031409504,0.019985264,0.01130372,0.000583287,0.008749309,0.002132906,0.001934058,0,0.001281828,0,0,0,0,0,0,0,0,0.000214895,0.000368392,0,0,0.000491189,0,0,0,0.000069684,0,0,0,0,0.000245595,0,0,0,0,0,0,0,0,0,0,0,0,0.118422959,0,0,0.000184196,0.000429791,0,0.002824338,0,0.003711522,0,0,0,0,0,0.000452946,0,0,0,0,0,0.001442869,0,0,0,0,0.001498206,0,0,0.002404097,0,0,0,0,0,0,0,0,0,0,0,0,0,0,0,0,0,0,0,0,0,0,0,0,0,0,0,0.000418104,0,0,0,0,0,0,0,0,0,0.000429791,6.13987E-05,0,0,0,0,0,0,0,0,0,0,0,0,0,0,0,0,0,0,0,0,0,0,0,0,0,6.13987E-05,0,0,0,0.164352939,0.172655456,0.031539342,0.003039234,0.006451393,0.006515452,0,0,0.000337693,0.000337693,0,0.000092098,0.001872659,0.000092098,0.000153497,0.001298399,0.001442869,0,0,0,0,0,0.000153497,0,0,0,0,0,0,0,0,0,0,0,0,0,0,0,0,0,0,0,0,0,0,0,0,0,6.13987E-05,0.000139368,0.000139368,0,0.000092098,0,0,0,0,0,0,HVA-RC
0,0.083539458,0.104200969,0.035073277,0.122470049,0.018898526,0.01191908,0.019350924,0.030609041,0.032628886,0.00171731,0,0.005981984,0.007780465,0.002279543,0.000810099,0,0,0,0.00024533,0.001892545,0,0.00049066,0,0,0,0,0,0,0,0,0,0,0,0,0,0,0,0,0,0,0,0,0,0,0,0,0,0.000317326,0.188522253,0.073732146,0.001445596,0.036661116,0.066872531,0,0.019365591,0.001585362,0.009416603,0.002186024,0.036276302,0,0,0.002348158,0,0.003702137,0,0,0.00225654,0,0.000876178,0,0,0,0,0,0,0,0,0,0,0,0,0,0,0,0,0,0,0,0,0,0,0,0,0,0,0,0,0,0,0,0,0,0.00024533,0,0,0,0,0,0,0,0,0,0,0,0,0.003799692,0.00107059,0,0,0,0,0,0,0,0,0,0,0,0,0,0,0,0,0,0,0,0,0,0,0,0,0,0,0,0,0.066484422,0,0,0.000385519,0.002562436,0,0,0,0,0,0,0,0,0,0,0,0,0,0,0,0,0,0,0,0,0,0,0,0,0,0,0,0,0,0,0,0,0,0,0,0,0,0,0,0,0,0,0,0,0,0,0,0,0,0,0,0,0,0,KB-RC
0,0.116453088,0.104660554,0.038445085,0.029250746,0.06005185,0.041773152,0.013940066,0.03161467,0.022525231,0.003611925,0.005295811,0.001430802,0.005670744,0.002546111,0,0,0,0,0,0,0.000177636,0,0.000059212,0,0,0,0,0,0,0,0,0,0,0,0,0,0,0.000167715,0,0,0,0,0,0,0,0,0,0.091823899,0.05245283,0.075590521,0,0.023011919,0.003079018,0,0.02147105,0,0.029607419,0,0.005581018,0,0,0,0,0,0,0,0,0,0,0.000187073,0,0,0,0,0,0,0,0,0,0,0,0,0,0,0,0,0,0,0,0,0,0,0,0,0,0,0,0,0,0,0,0,0,0,0,0,0,0,0,0,0,0,0,0,0.000769755,0.008106507,0.000623577,0,0,0,0,0,0,0,0,0,0,0,0,0,0,0,0,0,0,0,0,0,0,0,0,0,0,0,0,0.166221756,0.003228512,0.003304121,0.006865713,0.003679002,0,0,0,0.000059212,0,0.025157233,0.000300778,0.000296059,0,0,0,0.000790203,0,0,0,0,0,0,0,0,0,0,0,0,0,0,0,0,0,0,0,0,0,0,0,0.000118424,0,0,0,0,0,0,0,0,0,0,0,0,0,0,0,0,0,0,LNMS-RC
0,0.065408128,0.032689715,0.00869295,0.079736815,0.001441944,0.026742422,0.015284274,0.018730276,0.010160695,0.001281811,0,0.007738683,0.003001313,0.000841445,0,0,0,0,0,0,0,0,0,0,0,0,0,0,0,0,0,0,0.000250109,0,0,0,0,0,0,0,0,0,0,0,0,0.00006119,0,0.005867293,0.006791836,0.192430081,0.001882738,0.260659257,0.104490575,0,0.01926592,0.001445466,0.00787061,0,0.008249117,0,0,0.004064278,0,0.00045917,0,0,0,0,0,0,0.004729393,0,0,0,0,0,0,0,0,0,0,0,0,0,0,0,0,0,0,0,0,0,0,0,0,0,0,0,0,0,0,0,0,0,0,0,0,0,0,0,0,0,0,0,0,0.001774514,0.003698822,0,0,0,0,0,0,0,0,0,0,0,0,0,0,0,0,0,0,0,0,0,0,0,0,0,0,0,0,0.096073282,0,6.25273E-05,0.003501532,0.004372903,0,0,0,0,0,0,0,0,0,0,0,0,0,0,0,0,0,0,0,0,0,0,0,0,0,0,0,0,0,0,0,0,0,0,0,0,0,0,0,0,0,0,0,0,0,0,0,0,0,0,0,0,0,0.000248915,LB-RC
0,0.22936221,0.047201816,0.300939106,0.029620499,0.00060562,0.027613215,0.008845451,0.018699176,0.030160645,0,0,0.003135202,0.001015208,0.000355538,0,0,0,0,0,0.000161608,0,0,0,0,0,0,0,0,0,0,0,0,0,0,0,0,0,0,0,0,0,0,0,0,0,0,0,0.000090843,0.000666182,0.01659311,0.000454215,0.000290895,0.000423934,0,0.02043968,0,0,0,0.003626535,0,0,0,0,0,0,0,0,0,0,0,0,0,0,0,0,0,0,0,0,0,0,0,0,0,0,0,0,0,0,0,0,0,0,0,0,0,0,0,0,0,0,0,0,0,0,0,0,0,0,0,0,0,0,0,0,0.01922748,0,0,0,0,0,0,0,0,0,0,0,0,0,0,0,0,0,0,0,0,0,0,0,0,0,0,0,0,0,0.22383488,0,0,0.015028961,0,0,0,0.001436929,0,0,0,0,0,0,0,0,0,0,0,0,0,0,0,0,0.000171063,0,0,0,0,0,0,0,0,0,0,0,0,0,0,0,0,0,0,0,0,0,0,0,0,0,0,0,0,0,0,0,0,0,0,MCA-RC
0,0.12835021,0.093978993,0.044235912,0.040314525,0.09211046,0.015245716,0.00764941,0.077956966,0.026975559,0.00163293,0.002409936,0.00083187,0.010875928,0.007376859,0.00021567,0.000148429,0,0,0.000336123,0,0,0.00033891,0.00027729,0,0,0,0,0.000168062,0,0,0,0,0,0,0,0,0,0,0,0,0,0,0,0,0,0,0,0.006484288,0,0.117239757,0.01098371,0.08138131,0.019888285,0,0.020517755,0.026477016,0,0,0.002285637,0,0,0,0,0.002003785,0,0,0,0,0,0,0,0,0,0,0,0,0,0,0,0,0,0,0,0,0,0,0,0,0,0.000556607,0,0,0,0,0,0,0,0,0,0,0,0,0,0,0,0,0,0,0,0,0,0,0,0,0,0.007817642,6.72247E-05,0,0,0,0,0,0,0,0.000556607,0,0,0,0,0,0,0,0,0,0,0,0,0,0,0,0,0,0,0,0,0.149520905,0,0,0.000633014,0.00194103,0,0,0,0,0,0,0,0.00009243,0.00012324,0,0,0,0,0,0,0,0,0,0,0,0,0,0,0,0,0,0,0,0,0,0,0,0,0,0,0,0,0,0,0,0,0,0,0,0,0,0,0,0,0,0,0,0,0,MYP-RC
0,0.193921887,0.046989559,0.007278156,0.026049704,0.006407053,0.061209988,0.013344302,0.012779691,0.013836373,0.001462141,0.002111175,0.002685435,0.003349377,0,0,0,0.000119581,0,0,0,0,0,0,0,0,0,0,0,0,0,0,0,0,0,0,0,0,0,0,0,0,0,0,6.46307E-05,0,0,0,0.00161435,0,0.069316529,0.312137519,0.007671401,0.002802125,0,0.000925901,0,0,0,0.000549362,0,0,0.00156658,0,0,0,0,0,0,0,0,0,0,0,0,0,0,0,0,0,0,0,0,0,0,0,0,0,0,0,0,0,0,0,0,0,0,0,0,0,0,0,0,0,0,0,0,0,0,0,0,0,0,0,0,0,0.004524156,0.003923866,0,0,0,0,0,0,0,0,0,0,0,0,0,0,0,0,0,0,0,0,0,0,0,0,0,0,0,0,0.199076623,0,0,0.002725243,0.000870322,0,0,0,0,0,0.00038864,0.000193892,0,0,0,0,0,0,0,0,0,0,0,0,0,0,0,0,0,0,0.000104439,0,0,0,0,0,0,0,0,0,0,0,0,0,0,0,0,0,0,0,0,0,0,0,0,0,0,0,0,MIC-RC
0,0.131065008,0.090693828,0.04316665,0.049214574,0.029549762,0.011414462,0.00716763,0.010737421,0.019180564,0.002387867,0.003419141,0.000451759,0.002164097,0.001337596,0,0,0.000624651,0,0,0,0,0,0,0,0,0,0,0,0,0,0,0,0,0,0,0,0,0,0,0,0.000129074,0,0,0,0,0,0,0.048920012,0.067067758,0.130991493,0.000657527,0.080089276,0.010598445,0,0.048713261,0.002958872,0.005803968,0,0.000566497,0,0.000986291,0,0,0,0,0,0,0,0,0,0,0,0,0,0,0,0,0,0,0,0,0,0,0,0,0,0,0,0,0,0,0,0,0,0,0,0,0,0,0,0,0,0,0,0,0,0,0,0,0,0,0,0,0,0.00041949,0.003683067,0,0,0,0.00009997,0,0,0,0,0,0,0,0,0,0,0,0,0,0,0.000164382,0,0,0,0,0,0,0,0,0,0,0.18476909,0.00036164,0.005153894,0.001125609,0,0.001742447,0,0,0.000679462,0.000460269,0.000657527,0.000166617,0,0,0,0.000394516,0.000064537,0,0,0,0,0,0,0,0,0,0,0,0,0,0,0,0,0,0,0,0,0,0,0,0,0,0,0,0,0,0,0,0,0,0,0,0,0,0,0,0,0,0,MM-RC
0,0.118905287,0.119642711,0.20233128,0.066696939,0.036013876,0.017259382,0.005326682,0.009715782,0.009304933,0.000523169,0,0.000976037,0,0.000220751,0,0,0,0,0,0,0,0,0,0,0,0,0,0,0,0,0,0,0,0,0,0,0,0,0,0,0,0,0,0,0,0,0,0,0.000441501,0.100700054,0.000630716,0.084480077,0.026710817,0,0.00070227,0.000990333,0,0,0.028843565,0,0,0,0,0,0,0,0,0,0,0,0,0,0,0,0,0,0,0,0,0,0,0,0,0,0,0,0,0,0,0,0,0,0,0,0,0,0,0,0,0,0,0,0,0,0,0,0,0,0,0,0,0,0,0,7.47383E-05,0.004053382,0,0,0,0.000186846,0,0,0,0,0,0,0,0,0,0,0,0,0,0,0,0,0,0,0,0,0,0.000186846,0,0,0,0.164275037,0,0,0.000523169,0,0,0,0,0,0.000283822,0,0,0,0,0,0,0,0,0,0,0,0,0,0,0,0,0,0,0,0,0,0,0,0,0,0,0,0,0,0,0,0,0,0,0,0,0,0,0,0,0,0,0,0,0,0,0,0,0,PYG-RC
0,0.06897097,0.076864272,0.017287776,0.088947918,0.03173661,0.055243333,0.004840625,0.028303465,0.017721201,0.00538862,0,0.00036533,0.004934108,0.002680472,0.000215531,0.000492641,0,0,9.29453E-05,0,0,0.000121777,0.000273998,0,0,0.00018474,0,0,0,0,0,0,0,0,0,0,0,0,0.000152221,0,0,0,0,0,0,0,0,0.000400271,0,0.089450747,0.0421824,0.20435557,0.019266982,0,0.01850101,0.001541804,0,0,0.004833163,0,0,0.001826651,0,0.006250385,0,0,0,0,0,0,0,0,0,0,0,0,0,0,0,0,0,0,0,0,0,0,0,0,0,0,0,0,0,0,0,0,0,0,0,0,0,0,0,0,0,0,0,0,0,0,0,0,0,0,0,0.003188439,0,0,0,0,0,0,0,0,0,0,0,0,0,0,0,0,0,0,0,0,0,0,0,0,0,0,0,0,0,0.193780973,0,0.000974214,0.004025621,0.003716878,0.000456663,0,0,0,0.000307901,0,6.08883E-05,6.08883E-05,0,0,0,0,0,0,0,0,0,0,0,0,0,0,0,0,0,0,0,0,0,0,0,0,0,0,0,0,0,0,0,0,0,0,0,0,0,0,0,0,0,0,0,0,0,0,PYS-RC
0,0.03431953,0.013576197,0.097509627,0.007951589,0.00393601,0.022991267,0.021038009,0.01421573,0.036786584,0,9.01633E-05,0.002855168,0.003366093,0.010879692,0,0,0,0,0.000779878,0.000420762,0,0,0,0,0,0,0,0,0,0,0,0,0,0,0,0,0,0,0,0,0,0,0,0,0,0,0,0.046032728,0.006875688,0.254613138,0,0.003527365,0.126988984,0,0.083139505,0.00395352,0.009707571,0,0,0,0,0.001051904,0,0,0,0,0,0,0,0,0.00048087,0,0,0,0,0,0,0,0,0,0,0.001512651,0,0,0,0,0,0,0,0,0,0,0,0,0,0,0,0,0,0,0,0,0,0,0,0,0,0,0,0,0,0,0,0,0.00048087,0.007156381,6.01087E-05,0,0,0,0,0,0,0,0,0,0,0,0,0,0,0,0,0,0,0,0,0,0,0,0,0,0,0,0,0.180897424,0,0,0.001112013,0.000180326,0,0,0,0,0,0,0,0,0,0,0,0,0,0,0.000790704,0,0,0,0,0,0,0,0,0,0,0,0,0.000721947,0,0,0,0,0,0,0,0,0,0,0,0,0,0,0,0,0,0,0,0,0,0,0,0,0,0,PPS-RC
0,0.175053225,0.111248856,0.13383889,0.081003011,0.006047211,0.024811808,0.013518994,0.009014249,0.012646127,0,0,0.001800535,0.00035014,0.001347176,0,0.000798109,0,0,0,0,0,0,0,0,0,0,0,0,0,0,0,0,0,0,0,0,0,0,0,0,0,0,0,0,0,0,0,0.000061393,0.000069495,0.016991556,0,0.100170823,0.10043896,0,0.000245572,0,0,0,0.001077174,0,0,0,0,0,0,0,0,0,0,0,0,0,0,0,0,0,0,0,0,0,0,0,0,0,0,0,0,0,0,0,0,0,0,0.000214876,0,0,0,0,0,0,0,0,0,0,0,0,0,0,0,0,0,9.20897E-05,0,0,0,0.005107891,0,0,0,0,0,0,0,0,0,0,0,0,0,0,0,0,0,0,0,0,0,0,0,0.000061393,0,0,0,0,0,0.202303968,0,0,0.001126001,0,0,0,0,0,0,0,0,0,0,0,0,0,0,0,0,0,0,0,0,0.000222816,0,0,0,0,0,0,0,0,0,0,0,0,0,0,0,0,0,0,0,0,0,0,0,0,0,0,0,0,0,0,0,0.000337662,0,0,PDA-RC
0,0.083700877,0.023321572,0.028562267,0.086153066,0,0.002484987,0.003349198,0.004533701,0.006557549,0,0,0.002751417,0.000209842,0,0,0,0,0,0,0,0,0,0,0,0,0,0,0,0,0,0,0,0,0,0,0,0,0,0,0,0,0,0,0,0,0,0,0.291922042,0.001206589,0.094795201,0,0,0,0,0.031002886,0.000367223,0.055091543,0,0.070028301,0,0,0.174745567,0,0,0,0.013885448,0,0,0,0.000724788,0,0,0,0,0,0,0,0,0.004354213,0,0,0,0,0,0,0,0,0,0,0,0,0,0,0,0,0,0,0,0,0,0,0,0,0,0,0,0,0,0,0,0,0,0,0,0,0.000724788,0.000793815,0,0,0,0,0,0,0,0,0,0,0,0,0,0,0,0,0,0,0,0,0,0,0,0,0,0,0,0,0.017259469,0,0.000472144,0,0.000839366,0,0,0,0,0,0,0,0,0,0,0,0,0,0,0,0,0,0,0,0,0,0,0,0,0,0,0,0,0,0,0,0,0,0,0,0,0,0,0,0,0,0,0,0,0,0,0,0,0,0,0,0,0,0.000162143,RA-RC
0,0.127662588,0.121020741,0.019485597,0.079542048,0.001504212,0.045544593,0.032663963,0.037920075,0.009890692,0.002314197,0.005883139,0.001654779,0.001022008,0.000453623,0,0,0,0,6.79233E-05,0,0,0,0,0,0,0,0,0,0,0,0,0,0,0,0,0,0,0,0,0,0,0,0,0,0,0,0,0.163190266,0.002406739,0.000747156,0,0,0,0,0.001124457,0.00125658,0,0,0,0,0.000367696,0,0,0,0,0,0,0,0,0,0,0,0,0,0,0,0,0,0,0,0,0,0,0,0,0,0,0,0,0,0,0.000701966,0,0,0,0,0,0,0,0,0,0,0,0,0,0,0,0,0,0,0,0,0,0,0.000148346,0.003667855,0,0,0,0,0,0,0,0.000066854,0.000200562,0,0,0,0,0,0,0,0,0,0,0,0,0,0,0,0,0,0,0,0,0.222839955,0.110843696,0.002540562,0,0.000271693,0,0,0.000135846,0,0,0,0.001290164,0.000432916,0,0,0.001036235,0,0,0,0,0,0,0,0,0,0,0,0,0,0,0,0.000100281,0,0,0,0,0,0,0,0,0,0,0,0,0,0,0,0,0,0,0,0,0,0,0,0,0,0,0,RH-RC
0,0.176047848,0.03070568,0.220292273,0.022391259,0.022791144,0.025210767,0.009460633,0.016881719,0.074544762,0,0.000087858,0.000410004,0,0.001405728,0,0,0.002604702,0,0.000651101,0.00029286,0.000966438,0,0,0,0,0,0,0.000351432,0,0,0,0,0,0,0,0,0,0,0,0,0,0,0,0,0,0,0,0.080496568,0.000274179,0.041434181,0.000087858,0.001669302,0.017452509,0,6.88847E-05,0,0.000376996,0,0,0,0,0,0,0,0,0,0.003735691,0,0,0,0,0,0,0,0,0,0,0,0,0,0,0,0,0,0,0,0,0,0,0,0,0,0,0,0,0,0,0,0,0,0,0,0,0,0,0,0,0,0,0,0,0,0,0,0,0.022215334,0,0,0,0,0,0,0,0,0,0,0,0,0,0,0,0,0,0,0,0,0,0,0,0,0,0,0,0,0,0.216223765,0,0.000103327,0.00432447,0,0,0,0,0.000482193,0,0,0.005786319,0,0,0,0,0,0,0,0,0,0,0,0,0.000172212,0,0,0,0,0,0,0,0,0,0,0,0,0,0,0,0,0,0,0,0,0,0,0,0,0,0,0,0,0,0,0,0,0,0,RZ1-RC
0,0.160794788,0.037842842,0.364444024,0.005563532,0,0,0,0.002420565,0.167699773,0,0,0,0,0.000508495,0,0,0,0,0.005169155,0,0,0,0,0,0,0,0,0.000269203,0,0,0,0,0,0,0,0,0,0,0,0,0,0,0,0,0,0,0,0.023610459,0,0.00960537,0,0,0,0,0,0,0,0,0.001234425,0,0,0,0,0,0,0,0,0,0,0,0,0,0,0,0,0,0,0,0,0,0,0,0,0,0,0,0,0,0,0.000313136,0,0,0,0,0,0,0,0,0,0,0,0,0,0,0,0,0,0,0,0,0,0,0,0,0,0.01161131,0,0.000617213,0,0,0,0,0,0,0,0,0,0,0,0,0,0,0,0,0,0,0,0,0,0,0,0,0,0,0,0.162377624,0,0,0,0,0.000694364,0,0,0.043078002,0,0,0,0,0.000771516,0,0,0,0,6.26273E-05,0,0,0.000578637,0,0,0.00073294,0,0,0,0,0,0,0,0,0,0,0,0,0,0,0,0,0,0,0,0,0,0,0,0,0,0,0,0,0,0,0,0,0,0,RZ2-RC
0,0.046138639,0,0.002933487,0.001337382,0,0,0.281291467,0.001409673,0.116821669,0,0,0.010508428,0,0,0.000097809,0,0.000652061,0,0,0,0,0,0,0,0,0,0,0,0,0,0,0,0,0,0,0,0,0,0,0,0,0,0,0,0,0,0,0.042061906,0.010681595,0.109616278,0.302283035,0.000867491,0,0.00404829,0.024447965,0.018113558,0,0,0,0.000880282,0,0,0,0.00596209,0,0,0.016529734,0,0.000650618,0.001184578,0,0,0,0,0,0,0,0,0,0,0,0,0,0,0,0,0,0,0,0,0,0,0.0011928,0,0,0,0,0,0,0,0,0,0,0,0,0,0,0,0,0,0,0,0,0,0,0,0,0,0,0,0,0,0,0,0,0,0,0,0,0,0,0,0,0,0,0,0,0,0,0,0,0,0,0,0,0.000289164,0,0,0,0,0,0,0,0,0,0,0,0,0,0,0,0,0,0,0,0,0,0,0,0,0,0,0,0,0,0,0,0,0,0,0,0,0,0,0,0,0,0,0,0,0,0,0,0,0,0,0,0,0,0,0,0,0,0,SA-RC
0,0.000237248,0,0,0,0,0.000088968,0.338692031,0,0.02978155,0,0,0.000088968,0,0,0,0,0,0,0,0,0,0,0,0,0,0,0,0,0,0,0,0,0,0,0,0,0,0,0,0,0,0,0,0,0,0,0,0.236696802,0.027899977,0.001008304,0.275150076,0,0,0.052430555,0.000118624,0.011538165,0,0,0.00044484,0.006328625,0,0,0,0,0,0,0,0,0.008991279,0.009940524,0,0,0,0,0,0,0,0,0,0,0,0,0,0,0,0,0,0,0,0,0,0,0,0,0,0,0,0,0,0,0,0,0,0,0,0,0,0,0,0,0,0,0,0,0,0,0,0,0,0,0,0,0,0,0,0,0,0,0,0,0,0,0,0,0,0,0,0,0,0,0,0,0,0,0,0.000563464,0,0,0,0,0,0,0,0,0,0,0,0,0,0,0,0,0,0,0,0,0,0,0,0,0,0,0,0,0,0,0,0,0,0,0,0,0,0,0,0,0,0,0,0,0,0,0,0,0,0,0,0,0,0,0,0,0,0,SSM-RC
0,0.099234752,0.009453953,0.02456957,0.006526513,0.00848919,0.010293213,0.048380637,0.010961537,0.028452443,0,0,0.004105002,0,0,0,0,0.000862183,0,0,0,0,0.000108026,0,0,0,0,0,0,0,0,0,0,0,0,0,0,0,0,0,0,0,0,0,0,0,0,0,0.002354424,0.001989654,0.065195378,0.023909006,0.435955268,0.040009709,0,0.019098902,0.019590741,0,0,0.127465363,0,0,0.003060747,0,0.004509882,0,0,0.000563735,0,0,0,0,0,0,0,0,0,0,0,0.000431092,0,0,0,0,0,0,0,0,0,0,0,0,0,0,0,0,0,0,0,0,0,0,0,0,0,0,0,0,0,0,0,0,0,0,0,0,0,0.000612149,0,0,0,0,0,0,0,0,0,0,0,0,0,0,0,0,0,0,0,0,0,0,0,0,0.000144035,0,0,0,0.001764431,0,0,0,0.001908466,0,0,0,0,0,0,0,0,0,0,0,0,0,0,0,0,0,0,0,0,0,0,0,0,0,0,0,0,0,0,0,0,0,0,0,0,0,0,0,0,0,0,0,0,0,0,0,0,0,0,0,0,0,0,SSTY-RC
0,0.199831751,0.047211929,0.010575104,0.016469523,0.005498081,0.078279377,0.03399831,0.02774403,0.034113476,0.000926916,0.000641711,0.001354724,0.007017649,0.002994652,0,0,0,0,0.000141303,0,0,0,0,0,0,0,0,0,0,0.000176629,0,0,0,0,0,0,0,0,0,0,0,0,0,0,0,0,0,0.001624982,0,0.090026084,0.289153491,0.015631111,0.00387143,0.000388583,0.025548985,0.000813326,0.001431453,0,0.000812491,0,0,0,0,0,0,0,0,0,0,0,0,0,0,0,0,0,0,0,0,0,0,0,0,0,0,0,0,0,0,0,0,0,0,0,0,0,0,0,0,0,0,0,0,0,0,0,0,0,0,0,0,0,0,0,0.000178253,0.010849865,0,0,0,0,0,0,0,0,0,0,0,0,0,0,0,0,0,0,0,0,0,0,0,0,0,0,0,0,0,0.088183397,0,0,0.002876003,0.000891266,0,0,0,0,0,0,0.000461509,7.06513E-05,0,0,0,0,0,0,0,0,0,0,0,0.000211954,0,0,0,0,0,0,0,0,0,0,0,0,0,0,0,0,0,0,0,0,0,0,0,0,0,0,0,0,0,0,0,0,0,0,CMCA-RC
0,0.167573342,0.0324277,0.00304287,0.024380159,0.002290373,0.051015144,0.058355577,0.005929236,0.032107897,0,0,0.006452828,0.006543706,0,0,0,0,0,0,0,0,0,0,0,0,0,0,0,0,0,0,0,0,0,0,0,0,0,0,0,0,0,0,0,0,0,0,0.235465667,0.013104571,0.051093424,0.068552816,0.005908419,0.000530243,0,0.002256194,0.001022611,0.002272469,0,0,0,0,0,0,0,0,0,0,0,0,0,0,0,0,0,0.000492368,0,0,0,0,0,0,0,0,0,0,0,0,0,0,0,0,0,0,0,0,0,0,0,0,0,0,0,0,0,0,0,0,0,0,0,0,0,0,0,0.000106135,0.012199143,0.001107397,0,0,0,0,0,0,0,0,0,0,0,0,0,0,0,0,0,0,0,0,0,0,0,0,0,0,0,0,0.213541932,0,0.000813698,0.001024918,0.00038916,0,0,0,0,0,0,0,0,0,0,0,0,0,0,0,0,0,0,0,0,0,0,0,0,0,0,0,0,0,0,0,0,0,0,0,0,0,0,0,0,0,0,0,0,0,0,0,0,0,0,0,0,0,0,SLA-RC
0,0.189036112,0.150026939,0.05064606,0.029811368,0.046994034,0.060734386,0.019662584,0.023185367,0.024455807,0,0.019672633,0.001126888,0.001577643,0.00012238,0.000520116,0,0,0,6.85097E-05,0,0,0,0,0,0,0,0,0,0,0,0,0,0,0,0,0,0,0,0,0,0,0,0,0,0,0,0,0.043322625,0,0.014112972,0.085910968,0.01747739,0.011764282,0,0.000916535,0.038006402,0,0,0.000719351,0,0,0,0,0.001376778,0,0,0,0,0,0,0,0,0,0,0,0,0,0,0,0,0,0,0,0,0,0,0,0,0,0,0,0,0,0,0,0,0,0,0,0,0,0,0,0,0,0,0,0,0,0,0,0,0,0,0.000112689,0.005720549,0.000225378,0,0,0,0,0,0,0,0,0,0,0,0,0,0,0,0,0,0,0,0,0,0,0,0,0,0,0,0,0.161182481,0,0.000112689,0.000525881,0.00026294,0,0,0,0.00006119,0,0,0,0,0,0,0,0.000548077,0,0,0,0,0,0,0,0,0,0,0,0,0,0,0,0,0,0,0,0,0,0,0,0,0,0,0,0,0,0,0,0,0,0,0,0,0,0,0,0,0,0,SEAB-RC
0,0.142317702,0.120261144,0.100173358,0.022834756,0.042393162,0.049882744,0.015827379,0.020612894,0.044273067,0.000591634,0.016783217,0.00017401,0.002366534,0.000573024,0.000139208,0,0.0003108,0,0,0,0,0,0,0,0.00009324,0,0,0,0,0,0,0,0,0,0,0,0,0,0,0,0,0,0,0,0,0,0,0.032074592,0.002268842,0.057036678,0,0.09324585,0.037205562,0,0.000975835,0.000808081,0.00049728,0,0.008305057,0,0.00027972,0,0,0.000652681,0,0,0,0,0,0,0,0,0,0,0,0.00040404,0,0,0,0,0,0,0,0,0,0,0,0,0,0,0,0,0,0,0,0,0,0,0,0,0,0,0,0,0,0,0,0,0,0,0,0,0,0,0,0.003619325,0,0,0,0,0,0,0,0,0,0,0,0,0,0,0,0,0,0,0,0,0,0,0,0,0,0,0,0,0,0.180363726,0,0.00034802,0.000691066,0,0,0,0.000290839,0,0,0,0,0,0,0,0,0.001324931,0,0,0,0,0,0,0,0,0,0,0,0,0,0,0,0,0,0,0,0,0,0,0,0,0,0,0,0,0,0,0,0,0,0,0,0,0,0,0,0,0,0,SEAR-RC
0,0.09458004,0.071097867,0.071672516,0.037027167,0.016354296,0.120647697,0.04637976,0.004888351,0.006791985,0,0,0.000960182,0,0.001290245,0,0,0.003581822,0,0.00028393,0.00021004,0,0,0,0,0,0,0,0,0,0,0,0,0,0,0,0,0,0,0,0,0,0,0,0,0,0,0,0.053859971,0.185071477,0,0,0.000450086,0.001375164,0,0.001350257,0.002270619,0,0,0,0,0,0.000510097,0,0,0,0,0,0,0,0,0,0,0,0,0,0,0,0,0,0,0,0,0,0,0,0,0,0,0,0,0,0,0,0,0,0,0,0,0,0,0,0,0,0,0,0,0,0,0,0,0,0,0,0,0,0.004755821,0,0,0,0,0,0,0,0,0,0,0,0,0,0,0,0,0,0,0,0,0,0,0,0,0,0,0,0,0,0.216491133,0,0.011448629,0.001320251,0.00063012,0,0,0.042900137,0.00021004,0,0,0.000390074,0,0.00063012,0,0,0,0,0,0,0,0,0,0,0,0,0,0.000570108,0,0,0,0,0,0,0,0,0,0,0,0,0,0,0,0,0,0,0,0,0,0,0,0,0,0,0,0,0,0,0,SCA-RC
0,0.102147959,0.122133484,0.119621704,0.036073422,0.058810239,0.007119802,0.00827682,0.003610161,0.015437666,0,0,0.000918184,0.000296355,0,0.008263129,0,0.000774668,0,0,0,0,0.000230498,0,0,0,0,0,0,0,0,0,0,0,0,0,0,0,0,0,0,0,0,0,0,0,0,0,0.014040864,0,0.056190661,0.004712566,0.196159556,0.08863497,0,0.006003711,0.003034227,0,0,0.023606536,0,0,0,0,0,0,0,0,0,0,0,0,0,0,0,0,0,0,0,0,0,0,0,0,0,0,0,0,0,0,0,0,0,0,0,0,0,0,0,0,0,0,0,0,0,0,0,0,0,0,0,0,0,0,0,0,0.002041472,0,0,0,0,0,0,0,0,0,0,0,0,0,0,0,0,0,0,0,0,0,0,0,0,0,0,0,0,0,0.121861346,0,0,0,0,0,0,0,0,0,0,0,0,0,0,0,0,0,0,0,0,0,0,0,0,0,0,0,0,0,0,0,0,0,0,0,0,0,0,0,0,0,0,0,0,0,0,0,0,0,0,0,0,0,0,0,0,0,0,SGCY-RC
0.001140576,0.016348256,0.008997877,0.01509002,0.006399899,0.005186036,0.004213795,0.328778344,0.000728701,0.000819288,0,0,0.00095048,0.000697019,0,0.000278445,0,0,0,0,0,0,0,0,0,0,0,0,0,0.000380192,0,0,0,0,0,0,0,0,0,0,0,0,0,0,0,0,0,0,0.031741187,0.001552451,0,0.225263758,0.001399377,0.002331976,0.000538605,0.000104417,0.001521536,0,0.002027691,0,0.316991684,0,0,0,0,0,0,0,0,0.003611824,0,0,0.015080949,0,0,0,0,0,0,0,0,0,0,0,0,0,0,0,0,0,0,0,0,0,0.001045528,0,0,0,0,0,0.000506923,0.000443557,0,0,0,0,0,0,0,0,0,0,0,0,0,0,0,0,0,0,0,0,0,0.001647499,0,0,0,0.000665336,0,0,0,0,0,0,0,0,0,0,0,0,0,0,0,0,0,0,0.001203941,0.000918797,0,0,0,0,0,0,0.000316827,0,0,0,0,0,0,0,0.001077211,0,0,0,0,0,0,0,0,0,0,0,0,0,0,0,0,0,0,0,0,0,0,0,0,0,0,0,0,0,0,0,0,0,0,0,0,0,0,0,0,0,0,SNA-RC
0,0.116001025,0.129007629,0.013282204,0.066226362,0.10280631,0.058879091,0.012700841,0.024877374,0.008063428,0.002327935,0.002537295,0.001417004,0.004959514,0.001373761,0.000580827,0.000794815,0,0,0,0,0.000236167,0,0,0,0,0,0,0,0,0,0,0,0,0,0,0,0,0,0,0,0,0,0,0,0,0,0,0.095648862,0.085257178,0.028196305,0.000275128,0.004318489,0.003567684,0,0.002212083,0,0.036319448,0,0.030765529,0,0,0,0,0,0,0,0,0,0,0,0,0,0,0,0,0,0.000244559,0,0,0,0,0,0,0,0,0,0,0,0,0,0,0,0,0,0,0,0,0,0,0,0,0,0,0,0,0,0,0,0,0,0,0,0,0,0.000101215,0.002131243,0,0,0,0,0,0,0,0,0,0,0,0,0,0,0,0,0,0,0,0,0,0,0,0,0,0,0,0,0,0.139777328,0.002353876,0.017982456,0.001315789,0.001754386,0,0,0.000337382,0,0.000458547,0,0.000134953,0.000269906,0,0,0,0.000506073,0,0,0,0,0,0,0,0,0,0,0,0,0,0,0,0,0,0,0,0,0,0,0,0,0,0,0,0,0,0,0,0,0,0,0,0,0,0,0,0,0,0,STA-RC
0,0.108518317,0.208191876,0.086324508,0.060977565,0.065978957,0.071075344,0.002496359,0.053810156,0.002947091,0.001178836,0,0.000520075,0.002114971,0.002622849,0.00373244,0.001146182,0.001528243,0,0.000139295,0,0,0.00020803,0,0,0,0,0,0,0,0,0,0,0,0,0,0,0,0,0,0,0,0,0,0,0,0,0,0.000312045,0.006348087,0.001950132,0,0.040253815,0.068492796,0,0.02195889,0.001058014,0.003293808,0,0.001567071,0,0,0,0,0.002380533,0,0,0,0,0,0,0,0,0,0,0,0,0,0,0,0,0,0,0,0,0,0,0,0,0,0,0,0,0,0,0,0,0,0,0,0,0,0,0,0,0,0,0,0,0,0,0,0,0,0,0.000450732,0.006860287,0,0.00041606,0,0,0,0,0,0,0,0,0,0,0,0,0,0,0,0,0,0,0,0,0,0,0,0,0,0,0,0.168678079,0,0,0.00196961,0.000381388,0,0,0,0,0,0,0,0,0,0,0,0,0,0,0,0,0,0,0,0,0,0,0,0,0,0,0,0,0,0,0,0,0,0,0,0,0,0,0,0,0,0,0,0,0,0,0,0,0,0,0,0,0.000117557,0,STBG-RC
0,0.091155589,0.132472032,0.033989101,0.038203052,0.031772421,0.012412486,0.00104526,0.084373054,0.000383262,0.00104526,0.003725255,0.00034842,0.001184628,0.000362988,0.029955974,0.000800468,0,0,0,0,0,0,0,0,0.000307872,0,0,0,0,0,0,0,0,0,0,0,0,0,0,0,0,0,0,0,0,0,0,0.080139158,0.000523383,0.166651112,0,0.038251091,0.00692397,0,0.01273083,0,0,0,0.003017577,0,0,0,0,0,0,0,0,0,0,0,0,0,0,0,0,0,0,0,0,0,0,0,0,0,0,0,0,0,0,0,0.000933271,0,0,0,0,0,0,0,0,0,0,0,0,0,0,0,0,0,0,0,0,0,0,0,0,0.001835433,0,0,0,0,0,0,0,0,0,0,0,0,0,0,0,0,0,0,0,0,0,0,0,0,0,0,0,0,0,0.202013867,0.00033866,0.00121947,0.001602732,0.000209052,0,0,0,0.004895169,0.015178104,0,0,0,0,0,0,0,0,0,0,0,0,0,0,0,0,0,0,0,0,0,0,0,0,0,0,0,0,0,0,0,0,0,0,0,0,0,0,0,0,0,0,0,0,0,0,0,0,0,T5-RC
0,0.073270406,0.070341036,0.33327455,0.019348306,0,0.011500488,0.004882283,0.000221701,0.005460604,0,0,0.001048787,0,0.000084904,0,0,0,0,0,0,0,0,0,0,0,0,0,0,0,0,0,0,0,0,0,0,0,0,0,0,0,0,0,0,0,0,0,0.000397816,0,0.024085928,0,0,0,0,0.000542476,0.000759466,0,0,0.002206068,0,0,0,0,0,0,0,0,0,0.00014466,0,0,0,0,0,0,0,0,0,0,0,0,0,0,0,0,0,0,0,0,0,0.000470146,0,0,0,0,0,0.00028932,0,0,0,0,0.000433981,0,0,0,0,0.00021699,0,0,0,0.000108495,0,0,0,0.006311202,0.000759466,0,0,0,0,0,5.87837E-05,0,0,0,0,0,0,0.000253155,0.000253155,0.000253155,0.000180825,0,0,0,0,0,0,0,0,0,0,0,0.000253155,0,0.389595904,0,0,0,0,0,0,0,0.000589618,0,0,0.009836896,0,0.041300495,0,0,0,0,0,0.000108495,0,0.000108495,0,0,0,0,0,0,0,0,0,0.000397816,0,0,0,0.00014466,0,0,0,0,0,0,0,0.00021699,0.00021699,0,0,0,0,0,0,0,0,0.00007233,0,0,0,0,0,TP-RC
0,0.141759068,0.054655508,0.078864894,0.009727126,0.004763967,0.02467162,0.012769452,0.003808042,0.02366705,0,0,0.001534331,0.004411201,0,0,0,0.000288725,0,0,0,0,0,0,0,0,0,0,0,0,0,0,0,0,0,0,0,0,0,0,0,0,0,0,0,0,0,0,0,0,0.162359031,0.006929407,0.08340593,0.214514766,0,0.007037679,0.000974448,0,0,0.003012985,0,0,0,0,0.003609066,0,0,0,0,0,0,0,0,0,0,0,0,0,0,0,0,0,0,0,0,0,0,0,0,0,0,0,0,0,0,0,0,0,0,0,0,0,0,0,0,0,0,0,0,0,0,0,0,0,0,0,0.00088741,0,0,0,0,0,0,0,0,0,0,0,0,0,0,0,0,0,0,0,0,0,0,0,0,0,0,0,0,0,0.156348293,0,0,0,0,0,0,0,0,0,0,0,0,0,0,0,0,0,0,0,0,0,0,0,0,0,0,0,0,0,0,0,0,0,0,0,0,0,0,0,0,0,0,0,0,0,0,0,0,0,0,0,0,0,0,0,0,0,0,TGY-RC
0,0.074595779,0.092562452,0.027840092,0.033785343,0.004955967,0.029208282,0.012746586,0.00930107,0.033998628,0,0,0.002832575,0.000539538,0,0,0,0,0,0,0,0,0,0,0,0,0,0,0,0,0,0,0,0,0,0,0,0,0,0,0,0,0,0,0,0,0,0,0.197276001,0.003743716,0.214840853,0.042642707,0.032827623,0.021463971,0,0.000459764,0.000596459,0.006513953,0,0.007657446,0.000178272,0,0,0,0,0,0,0.000891361,0,0,0,0,0,0,0,0,0,0,0,0,0,0,0,0,0,0,0,0,0,0,0,0,0,0,0,0,0,0,0,0,0,0,0,0,0,0,0,0,0,0,0,0,0,0,0,0,0,0,0,0,0,0,0,0,0,0,0,0,0,0,0,0,0,0,0,0,0,0,0,0,0,0,0,0,0,0,0.148541561,0,0,0,0,0,0,0,0,0,0,0,0,0,0,0,0,0,0,0,0,0,0,0,0,0,0,0,0,0,0,0,0,0,0,0,0,0,0,0,0,0,0,0,0,0,0,0,0,0,0,0,0,0,0,0,0,0,0,TCN-RC
0,0.058557791,0.095538427,0.003508427,0.122421272,0.025706604,0.016033745,0.004647575,0.014342678,0.014360018,0.000716116,0.000065578,0.002705233,0.004298295,0.002412522,0,0.000163945,0,0,0,0,0,0,0,0,0,0.000131156,0,0,0,0,0,0,0,0,0,0,0,0,0,0,0,0,0,0,0,0,0,0.154749202,0.054178468,0.133548598,0.017542134,0.037721909,0.011058343,0,0.023937503,0.001252405,0.001614604,0,0.001363973,0,0,0,0,0.000590203,0,0.001356852,0,0,0,0,0,0,0,0,0,0,0,0,0.000721359,0,0,0,0.005147879,0,0,0,0,0,0.000754148,0.00068857,0,0,0,0,0,0,0,0,0,0,0,0,0,0.000426257,0,0,0,0.000163945,0,0.000131156,0,0,0,0,0.000226142,0.001511789,0.002785772,0.000452284,0,0,0,0.001180405,0,0,0,0.00101646,0,0.000163945,0,0,0,0,0,0,0,0,0,0.000065578,0,0,0,0.000263832,0,0,0,0.154928398,0.001227898,0.009611036,0.00113071,0.004189767,0,0,0,0,0,0,0,0,0,0,0,0,0,0,0,0,0,0,0,0,0,0,0,0,0,0,0,0,0,0,0,0,0,0,0,0,0,0,0,0,0,0,0,0,0,0,0,0,0,0,0,0,0,0.008689094,YGCP-RC
0,0.16158303,0.06669305,0.078732419,0.037373171,0.055205148,0.091049218,0.008480746,0.059036258,0.01479821,0.000533814,0.046094546,0.000967537,0.001508232,0,0,0.000286697,0.000509684,0,0.000207061,0,0,0,0,0,0,0.000764526,0,0,0,0,0,0,0,0,0,0,0,0,0,0,0,0,0,0,0,0,0,0,0.040010194,0.039269086,0,0.003512571,0.02809633,0,0.010551443,0,0,0,0.01076716,0,0,0,0,0.019686544,0,0,0,0,0,0,0,0,0,0,0,0,0,0,0,0,0,0,0,0,0,0,0,0,0,0,0,0,0,0,0,0,0,0,0,0,0,0,0,0,0,0,0,0,0,0,0,0,0,0,0,0.032957173,0,0.001167718,0,0,0,0,0,0,0,0,0,0,0,0,0,0,0,0,0,0,0,0,0,0,0,0,0,0,0,0.186773825,0,0.001501351,0.001182626,0.000700631,0,0,0,0,0,0,0,0,0,0,0,0,0,0,0,0,0,0,0,0,0,0,0,0,0,0,0,0,0,0,0,0,0,0,0,0,0,0,0,0,0,0,0,0,0,0,0,0,0,0,0,0,0,0,YMG-RC
0,0.06667011,0.032949353,0.00968341,0.02553642,0.007587462,0.01361408,0.078283083,0.028697846,0.029370953,0,0,0.003738822,0.000308356,0.00013733,0,0,0,0,0,0,0,0,0,0,0,0,0,0,0,0,0,0,0,0,0,0,0,0,0,0,0,0,0,0,0,0,0,0,0,0.220980646,0.012771655,0.29025086,0.133789576,0,0.012920986,0.004277837,0,0.004737872,0,0,0,0.005010792,0,0.007484465,0,0,0,0,0,0,0,0,0,0,0,0,0,0,0,0,0,0,0,0,0,0,0,0,0,0,0,0,0,0,0,0,0,0,0,0,0,0,0,0,0,0,0,0,0,0,0,0,0,0,0,0.003836075,0,0,0,0,0,0,0,0,0,0,0,0,0,0,0,0,0,0,0,0,0,0,0,0,0,0.000231267,0,0,0,0.006745298,0,0,0.000385446,0,0,0,0,0,0,0,0,0,0,0,0,0,0,0,0,0,0,0,0,0,0,0,0,0,0,0,0,0,0,0,0,0,0,0,0,0,0,0,0,0,0,0,0,0,0,0,0,0,0,0,0,0,0,0,1×TSA-RC
0,0.127492453,0.117408263,0.032526501,0.027856269,0.011596282,0.03130122,0.007577794,0.012739177,0.009861314,0.001777127,0.003706028,0.000627221,0.002021047,0,0.000239099,0,0,0,0,0,0,0.000174228,0,0,0,0,0,0,0,0,0,0,0,0,0,0,0,0,0,0,0,0,0,0,0,0,0,0.014824113,0.011297409,0.125278795,0,0.009781422,0.245070418,0,0.002310828,0.000139383,0.001937168,0.003735916,0.003891051,0,0,0,0,0.001464479,0,0,0,0,0,0,0,0,0,0,0,0.000268986,0,0,0,0,0,0,0,0,0,0,0,0,0,0,0,0,0,0,0,0,0,0,0,0,0,0,0,0,0,0,0,0,0,0,0,0,0,0,6.96913E-05,0.009966551,0,0,0,0,0,0,0,0,0,0,0,0,0,0,0,0,0,0,0,0,0,0,0,0,0,0,0,0,0,0.174083791,0,0.002822496,0.004978644,0.00111506,0,0,0,0,5.97747E-05,0,0,0,0,0,0,0,0,0,0,0,0,0,0,0,0,0,0,0,0,0,0,0,0,0,0,0,0,0,0,0,0,0,0,0,0,0,0,0,0,0,0,0,0,0,0,0,0,0,0.1×TSA-RC
0,0.112641446,0.104620152,0.03114464,0.031473663,0.06156059,0.03431349,0.001820072,0.011205194,0.001865462,0.005416008,0.002181044,0.000497687,0.001100328,0.001112477,0,0.001078749,0,0,0,0,0,0,0.000263481,0,0.000611291,0,0,0,0,0,0.000431499,0,0,0,0,0,0,0,0,0,0,0,0,0,0,0,0,0.051240561,0.069435455,0.060012747,0,0.001927107,0.000556239,0,0.001048174,0,0.02996216,0,0.000837353,0,0.002193456,0,0,0,0,0,0,0,0,0,0,0,0,0,0,0,0.003667745,0,0,0,0,0,0,0,0,0,0,0,0,0,0,0,0,0,0,0,0,0.000395541,0,0,0,0,0,0,0,0,0,0,0,0,0,0,0,0,0.000292757,0.012426313,0.0005694,0.000435423,0,0.000602894,0,0.00021575,0,0.001438332,0,0,0,0,0,0,0,0,0,0,0,0,0,0,0,0,0,0,0,0,0,0.243703144,0.072384035,0.00927669,0.013721448,0.005266676,0.000755124,0,0,0.000146379,0.005127078,0,0.003135032,0.000368435,0,0,0.001150665,0.00049794,0,0,0.001905789,0,0,0.00020493,0,0,0.000575333,0,0,0,0,0,0,0,0.000647249,0,0,0,0,0,0,0,0,0,0,0,0,0,0,0,0,0,0,0,0,0,0,0,0,0.000539374,0.01×TSA-RC
0,0.074135756,0.046855302,0.041283253,0.103672684,0.001394416,0.027787621,0.018980807,0.01580599,0.030517867,0.001833517,0,0.008755715,0.005704274,0,0,6.80203E-05,0,0,0,0,0,0,0,0,0,0,0,0,0,0,0,0,0,0,0,0,0,0,0,0,0,0,0,0,0,0,0,0.038363432,0,0.159185485,0.105621337,0.209282544,0.028995829,0,0.00238697,0.000306091,0.002526179,0,0.003057532,0,0,0.007252577,0,0.014046186,0,0,0,0,0,0,0,0,0,0,0,0,0,0,0,0,0,0,0,0,0,0,0,0,0,0,0,0,0,0,0,0,0,0,0,0,0,0,0,0,0,0,0,0,0,0,0,0,0,0,0,0.000218395,0.00134157,0,0,0,0,0.000170051,0,0,0.000272081,0,0,0,0,0,0,0,0,0,0,0,0,0,0,0,0,0.000122234,0,0,0,0.042782056,0,0.000203724,0.005562949,0.001507558,0,0,0,0,0,0,0,0,0,0,0,0,0,0,0,0,0,0,0,0,0,0,0,0,0,0,0,0,0,0,0,0,0,0,0,0,0,0,0,0,0,0,0,0,0,0,0,0,0,0,0,0,0,0,1×NA-RC
0,0.052311494,0.056405687,0.017452831,0.025705303,0.021098059,0.033028772,0.001201691,0.007396792,0.001605537,0.003301407,0,0,0.00046308,0.000426842,0,0.000367467,0,0,0,0,0,0,0,0,0,0,0,0,0,0,0,0,0,0,0,0,0,0,0,0,0,0,0,0,0,0,0,0.038829005,0.114772171,0.178712459,0,0.006859965,0.002777145,0,0.002279685,0,0.004470664,0,0.003936877,0,0,0,0,0,0,0,0,0,0,0,0,0,0,0,0,0,0,0,0,0,0,0,0,0,0,0,0,0,0,0,0,0,0,0,0,0,0,0,0,0,0,0,0,0,0,0,0,0,0,0,0,0,0,0,0.000213421,0.0077403,0,0,0,0,0,0,0,0,0,0,0,0,0,0,0,0,0,0,0,0,0,0,0,0,0,0,0,0,0,0.240729202,0.085170668,0.006158724,0.035940439,0.010465649,0,0,0,0.000152444,0.038674959,0,6.09773E-05,0.001168328,0,0,0.000121955,0,0,0,0,0,0,0,0,0,0,0,0,0,0,0,0,0,0,0,0,0,0,0,0,0,0,0,0,0,0,0,0,0,0,0,0,0,0,0,0,0,0,0,0.1×NA-RC
0,0.048121307,0.035638764,0.03909667,0.014431937,0.010966101,0.087571403,0.000771256,0.0330402,0.001523325,0.005821846,5.85513E-05,0,0.001051809,0.001239668,0,0,0,0,0,0,5.85513E-05,0.000120207,0,0,0.000170207,0,0.000210362,0,0,0,0,0,0,0,0,0,0,0,0,0,0,0,0,0,0,0,0,0.011199619,0.150528325,0.002073567,0,0.000585514,0,0,0.008861933,0,0.056336173,0,0.000270465,0,0.022024782,0,0,0,0,0,0,0,0,0,0,0,0,0.000087827,0,0,0,0,0,0,0,0.003063725,0,0,0,0,0,0,0,0,0,0,0,0,0,0,0,0,0,0,0,0,0,0,0,0,0,0,0,0,0,0,0,0,0.00061479,0.007813439,0,0,0,6.01033E-05,0,0,0,0,0,0,0,0,0,0,0,0,0,0,0,0,0,0,0,0,0,0,0,0,0,0.335724953,0.071504822,0.008765713,0.017842384,0.00977202,0.004901961,0,0,0.000585514,0.000234206,0,0.00100391,0.00542694,0.000322033,0,0,0.000210362,0,0,0,0,0,0.000117103,0,0.000175654,0,0,0,0,0,0,0,0,0,0,0,0,0,0,0,0,0,0,0,0,0,0,0,0,0,0,0,0,0,0,0,0,0,0,0.01×NA-RC
0,0.090283342,0.090903434,0.022503424,0.037587535,0.011829671,0.088615408,0.003647413,0.017548246,0.010210583,0.003742315,0.001673154,0.00098013,0.00032671,0.002108765,0,0,0,0,0,0,0,0,0.000297009,0.000534616,0,0,0,0,0,0,0,0,0,0,0,0,0,0,0,0,0,0,0,0,0,0,0,0.008496697,0.053101689,0.071334748,0,0.073066598,0.044342329,0,0.012475233,0,0.019795384,0.035102097,0.002917954,0,0.001297548,0,0,0,0,0.007383401,0.017175442,0,0.000901332,0.000475215,0,0,0.012019395,0.000580482,0,0,0.001297548,0,0.000583591,0,0,0,0,0.004302397,0,0,0,0,0,0,0,0,0,0,0,0,0,0.000204876,0,0,0,0,0,0,0,0.000273168,0,0,0,0,0,0,0,0,0,0.002025403,0.003707518,0,0,0,0,0,0,0,0,0,0,0,0,0,0,0,0,0,0,0,0,0,0,0,0,0,0,0,0,0.210107707,0.018476021,0.003564109,0.003962933,0.003144782,0.001692952,0,0,0,0,0,0,0.002361779,0,0,0.000443898,0.000594018,0,0,0,0,0,0,0,0,0,0,0,0,0,0,0,0,0,0,0,0,0,0,0,0,0,0,0,0,0,0,0,0,0,0,0,0,0,0,0,0,0,0,1×AIA-RC
0,0.1161095,0.108305596,0.024337705,0.03581136,0.010432805,0.019211299,0.002927473,0.007712517,0.005283071,0.007614551,0.003782502,0.001135532,0.000894671,0.001008249,0,0,0,0,0,0.000129337,0.000061106,0,0.000152765,0.000977696,0,0,0.000061106,0,0,0,0,0,0,0,0,0,0,0,0,0,0,0,0,0,0,0,0,0.000530846,0.061161036,0.002610165,0,0.001298751,0.009501986,0,0.002615781,0,0.000905358,0.001213362,0,0,0,0,0,0,0,0,0,0,0,0,0,0,0.016304554,0,0,0,0,0,0,0,0,0,0,0,0,0,0,0,0.000341258,0,0,0,0,0,0,0,0,0,0,0,0,0,0,0,0,0,0,0,0,0,0,0,0,0,0.003024748,0.042487147,0.002371357,0.000743687,0,0.0012287,0,0,0,0,0,0,0,0,0,0,0,0,0,0,0,0,9.70027E-05,0,0,0,0,0,0,0,0,0.212139014,0.125582983,0.035257773,0.02469083,0.007436032,0.09304971,0,0,0.003788573,0.001215721,0,0,0.002261886,0.000397189,0,0.00091659,0.00048193,0,0,0,0,0,0,0,0,0,0,0,0,0,0.000336083,0,0,0,0,0,0,0,0,0,0,0,0,0,0,0,0,0,0,0,0,0,0,0,0,0.000061106,0,0,0,0.1×AIA-RC
0,0.100778985,0.072651267,0.038995889,0.021726153,0.011863566,0.082515398,0.001559491,0.011891771,0.001862298,0.016507517,0,0,0.000932107,0.000149276,0,0.000224337,0,0,0,0,0,0,0,0,0,0,0,0,0,0,0,0,0,0,0,0,0,0,0,0,0,0,0,0,0,0,0,0,0.229609515,0,0,0,0,0,0.001585943,0,0.009646508,0,0,0,0,0,0,0,0,0,0,0,0,0,0,0,0,0,0,0,0,0,0.000120272,0,0,0,0,0,0,0,0,0,0,0,0,0,0,0,0,0,0,0,0,0,0,0,0,0,0,0,0,0,0,0,0,0,0,0,0.000268697,0.011004871,0,0,0,0.000691563,0,0,0,0,0,0,0,0,0,0,0,0,0,0,0,0,0,0,0,0,0,0,0,0,0,0.295503024,0.023321471,0.011280659,0.013969967,0.004819027,0.001153735,0,0.000656814,0.006121593,0.000626959,0,0.000210476,0.005411593,0.000806941,0,0.019613499,0.000902039,0.000119421,0,0,0,0,0.00050924,0,0,0,0,0,0,0,0,0,0,0,0,0,0,0.000208986,0,0,0.000179131,0,0,0,0,0,0,0,0,0,0,0,0,0,0,0,0,0,0,0.01×AIA-RC
0,0.209064968,0.109455318,0.052049944,0.028009167,0.015425291,0.020075975,0.004306526,0.009734305,0.010084794,0.000889736,0.010196294,0.00025421,0.000794407,0.000122111,0,0.000152639,0,0,6.52253E-05,0,0,0,0,0,0,0,0,0,0,0,0,0,0,0,0,0,0,0,0,0,0,0,0,0,0,0,0,0.056690173,0.003541228,0.069983284,0,0.094944219,0.098561301,0,0.005372897,0.005495009,0.000122111,0,0.001728468,0,0,0,0,0,0,0,0,0,0,0,0.001525262,0,0,0,0,0,0,0,0,0,0,0,0,0,0,0,0,0,0,0,0,0,0,0,0,0,0,0,0,0,0,0,0,0,0,0,0,0,0,0,0,0,0,0,0.000190658,0.004859277,0,0,0,0,0,0,0,0,0,0,0,0,0,0,0,0,0,0,0,0,0,0,0,0,0,0,0,0,0,0.180874016,0,0,0.000673156,0.000444868,0,0,0,0.000186912,0.001007418,0.002991727,0,0,0,0,0,0,0,0,0,0,0,0,0,0,0,0,0.000127105,0,0,0,0,0,0,0,0,0,0,0,0,0,0,0,0,0,0,0,0,0,0,0,0,0,0,0,0,0,0,0,1×R2A-RC
0,0.137338485,0.113287646,0.009307244,0.042126369,0.016208081,0.024884206,0.001937814,0.006312734,0.00179101,0.007692534,0.000557855,0.003111598,0.002459672,0.000499134,0.000146804,0,0,0,0,0,0,0,0.000528495,0,0,0,0,0,0,0,0,0,0,0,0,0,0,0,0,0,0,0,0,0,0,0,5.87217E-05,0.103173645,0.057680705,0.073256363,0,0.003758184,0.00168089,0,0.005711656,0,0.000998268,0,0.001243543,0,0,0,0,0,0,0,0,0,0,0,0,0,0,0,0,0,0,0,0,0,0,0.002694984,0,0,0,0,0,0,0,0,0,0,0,0,0,0,0,0,0,0,0,0,0,0,0,0,0,0,0,0,0,0,0,0,0.003640741,0.004240801,0.000127543,0,0,0.000382629,0,0,0,0,0,0,0,0,0,0,0,0,0,0,0,0,0,0,0,0,0,0.000605829,0,0,0,0.168052722,0.144180036,0.043230158,0.007790645,0.006123426,0,0,0,0.000763381,0.000557855,0,0,0.0002232,0.000095657,0,0,0.0008928,0,0,0,8.80823E-05,0,0.000176165,0,0,0,0,0,0,0,0.000264247,0,0,0,0,0,0,0,0,0,0,0,0,0,0,0,0,0,0.000117443,0,0,0,0,0,0,0,0,0,0,0.1×R2A-RC
0,0.090601275,0.015832273,0.051924704,0.006982038,0.005108708,0.061239878,0.000830844,0.009951116,0.003186173,0.005822779,0,0,0.000628028,0,0,0.000699198,0,0,0,0,0,0,0,0,0,0,0,0,0,0,0,0.000204266,0,0,0,0,0,0,0,0,0,0.000116724,0,0,0,0,0,0.00468835,0.128494245,0.081539417,0,5.98123E-05,0,0,0.028176036,0,0.155182768,0,0.001016807,0,0.000919997,0,0,0,0,0,0,0,0,0,0,0,0,0,0,0,0,0,0,0,0,0,0,0,0,0,0,0,0,0,0,0,0,0,0,0,0,0,0,0,0,0,0,0,0,0,0,0,0,0,0,0,0,0,0.00032099,0.007715772,0,0,0,0,0,0,0,0,0,0,0,0,0,0,0,0,0,0,0,0,0,0,0,0,0,0,0,0,0,0.320615779,0.001069635,0.004554049,0.005358613,0.00155674,0,5.98123E-05,0,0.000357423,0,0,0.000767405,0.003159893,0.000266254,0,0,0,0,0,0,0,0,0.000585068,0,0,0,0,0,0,0,0,0,0,0,0,0,0,0.00014953,0,0,0,0,0,0,0,0,0,0,0,0,0,0,0,0,0,0,0,0,0.000257599,0.01×R2A-RC
0,0.025875063,0.037543925,0.003981419,0.034638274,0.016690756,0.01192174,0.003976327,0.01467856,0.003091613,0.000273798,0,0.012153297,0,0,0,0,0,0,0,0.000182532,0,0.000091266,0,0,0,0,0,0,0,0,0,0,0,0,0,0,0,0,0,0,0,0,0,0,0,0,0,0.053530282,0.063547776,0.19017319,0.009635901,0.003384234,0.00264024,0,0.005422903,0.000368282,0.001211922,0.19488609,0.001109673,0,0,0.000678133,0,0.000619451,0,0.001156034,0.004505197,0,0.003468988,0.000647309,0,0,0,0.004833371,0,0,0,0,0.004055926,0,0,0,0,0,0,0,0,0,0,0,0,0.000240898,0.000123297,0,0.000524012,0,0.000103242,0,0,0,0,0,0,0,0,0,0,0,0,0,0,0,0,0,0,0,0,0,0,0,0,0,0,0,0,0,0,0,0,0,0,0,0,0,0,0,0,0,0,0,0,0,0,0,0,0.194152901,0.003368024,0.000060844,0.000334641,0.089794492,0,0,0,0,0,0,0,0.00015211,0,0,0,0,0,0,0,0,0,0,0,0,0,0,0,0,0,0,0,0,0,0,0,0,0,0,0,0,0,0,0,0,0,0,0,0,0,0,0,0,0,0,0,0,0,0.00017207,1×MA-RC
0,0.04497487,0.038132172,0.002734272,0.025214553,0.00239242,0.027444692,0.002102439,0.015868573,0.001544836,0.001823279,0,0.000185151,0.000402355,0.000590036,0,0.000440709,0,0,0,0,0,0,0,0,6.29583E-05,0,0,0,0,0,0,0,0,0,0,0,0,0,0,0,0,0,0,0,0,0,0,0.01067278,0.072099268,0.140154301,0,0.002813379,0.000246868,0.002083528,0.002208006,0,0.027215776,0.09179337,0.001368287,0,0.068246923,0.000432019,0,0,0,0.006728105,0.000528656,0,0.000771462,0.002655741,0,0,0,0.017628356,0,0.00040116,0,0,0.001735004,0,0,0,0,0,0,0,0,0,0,0,0,0,0,0,0.000497559,0,0,0,0.000524594,0,0,0,0.000185151,0,0,0,0,0,0,0,0,0,0,0,0.003394433,0.014860031,0,0,0,0.000466461,0,0,0,0,0,0,0,0,0,0,0,0,0,0,0,0,0,0,0,0,0,0,0,0,0,0.159706882,0.055710394,0.099254737,0.020855517,0.01270813,0.00456334,0.000123434,0.000839631,0.000772179,0.000342547,0,0.000279877,0.003905851,0,0,0.004310169,0.000590851,0,0,0,0.000246868,0,0,0.001697217,0,0,0,0,0,0,0,0,0,0,0,0,0,0,0,0,0,0,0.000251834,0,0,0.000216009,0,0,0,0,0,0,0,0,0,0,0,0,0,0.1×MA-RC
0,0.063315264,0.02300266,0.02746607,0.005788861,0.014427835,0.049633389,0.00054475,0.02554977,0.006231202,0.006149595,0,0.000430306,0.001623915,0.001532933,0,0.001525624,0,0,0,0,0.000799139,0.000245889,0,0,0.000124541,0,0.000058072,0,0,9.22083E-05,0,0,0.000215153,0,0,0,0,0,0,0,0,0,0,0,0,0,0,0.00498163,0.178477736,0.063711032,0,0,0,0,0.002436789,0,0.099127391,0,0.006700476,0,0.023320257,0,0,0,0,0,0,0,0,0,0,0,0,0,0,0,0,0,0,0,0,0,0,0,0,0,0,0,0.000716109,0.000529298,0,0,0,0,0,0,0,0,0,0,0,0,0,0,0,0,0,0,0,0,0,0,0,0,0.000783972,0.006761949,0,0,0,0,0,0,0,0,0,0,0,0,0,0,0,0,0,0,0,0,0,0,0,0,0,0,0,0,0,0.350013363,0.001074685,0.011349637,0.007599696,0.002831258,0.002835049,0,0.000338097,0.000387669,0.00014518,0,0.00070013,0.002798822,0.000206652,6.14723E-05,0.002054922,0.000614723,0.000058072,0,0,0,0,0.000319396,0,0.000307361,0,0,0,0,0,0,0,0,0,0,0,0,0,0,0,0,0,0,0,0,0,0,0,0,0,0,0,0,0,0,0,0,0,0,0.01×MA-RC
Abditibacterium,Arthrobacter,Pseudarthrobacter,Streptomyces,unclassified,Isoptericola,Paenarthrobacter,Zhihengliuella,Microbacterium,Brevibacterium,Agromyces,Nocardioides,Kocuria,Agrococcus,Cellulomonas,Aeromicrobium,Saccharothrix,Saccharomonospora,Prauserella,Frigoribacterium,Brachybacterium,Labedella,Leucobacter,Diaminobutyricimonas,Actinotalea,Micromonospora,Nonomuraea,Knoellia,Curtobacterium,Marmoricola,Sanguibacter,Pseudonocardia,Lentzea,Leifsonia,Conexibacter,Cutibacterium,Ornithinimicrobium,Mycetocola,Krasilnikoviella,Georgenia,Gaiella,Herbiconiux,Auraticoccus,Promicromonospora,Serinibacter,Kribbella,Salinibacterium,Naasia,Bacillus,Metabacillus,Peribacillus,Alkalihalobacillus,Ureibacillus,Lysinibacillus,Oceanobacillus,Niallia,Terribacillus,Paenibacillus,Cytobacillus,Psychrobacillus,Gracilibacillus,Brevibacillus,Solibacillus,Cohnella,Chungangia,Salipaludibacillus,Neobacillus,Mesobacillus,Aquibacillus,Priestia,Planococcus,Aneurinibacillus,Thalassobacillus,Ectobacillus,Domibacillus,Ornithinibacillus,Croceifilum,Ammoniphilus,Virgibacillus,Robertmurraya,Symbiobacterium,Baia,Megamonas,Ruminococcoides,Fredinandcohnia,Siminovitchia,Sutcliffiella,Shimazuella,Tumebacillus,Agathobacter,Faecalibacterium,Enterococcus,Dialister,Planomicrobium,Lactobacillus,Paenisporosarcina,Ruminococcus,Streptococcus,Clostridium,Exiguobacterium,Fictibacillus,Weissella,Staphylococcus,Priestia endophytica,Lachnospiracea_incertae_sedis,Enterocloster,Phascolarctobacterium,Proteocatella,Dysosmobacter,Peptoniphilus,Lachnospira,Ligilactobacillus,Eisenbergiella,Blautia,Vagococcus,Chitinophaga,Pedobacter,Albibacterium,Arcticibacter,Ancylomarina,Dyadobacter,Odoribacter,Bacteroides,Polaribacter,Prevotella,Phocaeicola,Parabacteroides,Porifericola,Alistipes,Chryseobacterium,Capnocytophaga,Porphyromonas,Sporocytophaga,Cloacibacterium,Lutimonas,Niastella,Mucinivorans,Daejeonella,Butyricimonas,Barnesiella,Duncaniella,WPS-1_genera_incertae_sedis,Saccharibacteria_genera_incertae_sedis,Deinococcus,Fusobacterium,Sneathia,Ensifer,Microvirga,Pseudoxanthomonas,Brevundimonas,Paracoccus,Cupriavidus,Sphingoaurantiacus,Massilia,Sphingomonas,Phenylobacterium,Phyllobacterium,Shinella,Devosia,Rhizobium,Mesorhizobium,Roseomonas,Noviherbaspirillum,Bosea,Lysobacter,Escherichia,Ramlibacter,Novosphingobium,Belnapia,Variovorax,Methylorubrum,Shigella,Acidovorax,Pseudomonas,Sulfurovum,Acinetobacter,Pelagerythrobacter,Ralstonia,Klebsiella,Campylobacter,Citrobacter,Aquabacterium,Pelomonas,Methylobacterium,Nitratireductor,Achromobacter,Caulobacter,Ideonella,Chelativorans,Brachymonas,Frederiksenia,Pigmentiphaga,Luteimonas,Rhizobacter,Agaricicola,Derxia,Ferrovibrio,Cellvibrio,Croceibacterium,Limnobacter,Methyloversatilis,Azospirillum,Treponema,Fretibacterium,Akkermansia,genus
Abditibacteriota,Actinomycetota,Actinomycetota,Actinomycetota,Actinomycetota,Actinomycetota,Actinomycetota,Actinomycetota,Actinomycetota,Actinomycetota,Actinomycetota,Actinomycetota,Actinomycetota,Actinomycetota,Actinomycetota,Actinomycetota,Actinomycetota,Actinomycetota,Actinomycetota,Actinomycetota,Actinomycetota,Actinomycetota,Actinomycetota,Actinomycetota,Actinomycetota,Actinomycetota,Actinomycetota,Actinomycetota,Actinomycetota,Actinomycetota,Actinomycetota,Actinomycetota,Actinomycetota,Actinomycetota,Actinomycetota,Actinomycetota,Actinomycetota,Actinomycetota,Actinomycetota,Actinomycetota,Actinomycetota,Actinomycetota,Actinomycetota,Actinomycetota,Actinomycetota,Actinomycetota,Actinomycetota,Actinomycetota,Bacillota,Bacillota,Bacillota,Bacillota,Bacillota,Bacillota,Bacillota,Bacillota,Bacillota,Bacillota,Bacillota,Bacillota,Bacillota,Bacillota,Bacillota,Bacillota,Bacillota,Bacillota,Bacillota,Bacillota,Bacillota,Bacillota,Bacillota,Bacillota,Bacillota,Bacillota,Bacillota,Bacillota,Bacillota,Bacillota,Bacillota,Bacillota,Bacillota,Bacillota,Bacillota,Bacillota,Bacillota,Bacillota,Bacillota,Bacillota,Bacillota,Bacillota,Bacillota,Bacillota,Bacillota,Bacillota,Bacillota,Bacillota,Bacillota,Bacillota,Bacillota,Bacillota,Bacillota,Bacillota,Bacillota,Bacillota,Bacillota,Bacillota,Bacillota,Bacillota,Bacillota,Bacillota,Bacillota,Bacillota,Bacillota,Bacillota,Bacillota,Bacteroidota,Bacteroidota,Bacteroidota,Bacteroidota,Bacteroidota,Bacteroidota,Bacteroidota,Bacteroidota,Bacteroidota,Bacteroidota,Bacteroidota,Bacteroidota,Bacteroidota,Bacteroidota,Bacteroidota,Bacteroidota,Bacteroidota,Bacteroidota,Bacteroidota,Bacteroidota,Bacteroidota,Bacteroidota,Bacteroidota,Bacteroidota,Bacteroidota,Bacteroidota,candidate_division_WPS-1,Candidatus_Saccharibacteria,Deinococcota,Fusobacteriota,Fusobacteriota,Pseudomonadota,Pseudomonadota,Pseudomonadota,Pseudomonadota,Pseudomonadota,Pseudomonadota,Pseudomonadota,Pseudomonadota,Pseudomonadota,Pseudomonadota,Pseudomonadota,Pseudomonadota,Pseudomonadota,Pseudomonadota,Pseudomonadota,Pseudomonadota,Pseudomonadota,Pseudomonadota,Pseudomonadota,Pseudomonadota,Pseudomonadota,Pseudomonadota,Pseudomonadota,Pseudomonadota,Pseudomonadota,Pseudomonadota,Pseudomonadota,Pseudomonadota,Pseudomonadota,Pseudomonadota,Pseudomonadota,Pseudomonadota,Pseudomonadota,Pseudomonadota,Pseudomonadota,Pseudomonadota,Pseudomonadota,Pseudomonadota,Pseudomonadota,Pseudomonadota,Pseudomonadota,Pseudomonadota,Pseudomonadota,Pseudomonadota,Pseudomonadota,Pseudomonadota,Pseudomonadota,Pseudomonadota,Pseudomonadota,Pseudomonadota,Pseudomonadota,Pseudomonadota,Pseudomonadota,Pseudomonadota,Pseudomonadota,Pseudomonadota,Spirochaetota,Synergistota,Verrucomicrobiota,phylum
